CREATE DATABASE  IF NOT EXISTS `mydb` /*!40100 DEFAULT CHARACTER SET utf8mb3 */ /*!80016 DEFAULT ENCRYPTION='N' */;
USE `mydb`;
-- MySQL dump 10.13  Distrib 8.0.31, for Win64 (x86_64)
--
-- Host: localhost    Database: mydb
-- ------------------------------------------------------
-- Server version	8.0.31

/*!40101 SET @OLD_CHARACTER_SET_CLIENT=@@CHARACTER_SET_CLIENT */;
/*!40101 SET @OLD_CHARACTER_SET_RESULTS=@@CHARACTER_SET_RESULTS */;
/*!40101 SET @OLD_COLLATION_CONNECTION=@@COLLATION_CONNECTION */;
/*!50503 SET NAMES utf8 */;
/*!40103 SET @OLD_TIME_ZONE=@@TIME_ZONE */;
/*!40103 SET TIME_ZONE='+00:00' */;
/*!40014 SET @OLD_UNIQUE_CHECKS=@@UNIQUE_CHECKS, UNIQUE_CHECKS=0 */;
/*!40014 SET @OLD_FOREIGN_KEY_CHECKS=@@FOREIGN_KEY_CHECKS, FOREIGN_KEY_CHECKS=0 */;
/*!40101 SET @OLD_SQL_MODE=@@SQL_MODE, SQL_MODE='NO_AUTO_VALUE_ON_ZERO' */;
/*!40111 SET @OLD_SQL_NOTES=@@SQL_NOTES, SQL_NOTES=0 */;

--
-- Table structure for table `carrera`
--

DROP TABLE IF EXISTS `carrera`;
/*!40101 SET @saved_cs_client     = @@character_set_client */;
/*!50503 SET character_set_client = utf8mb4 */;
CREATE TABLE `carrera` (
  `idCarrera` int NOT NULL AUTO_INCREMENT,
  `Nombre` varchar(45) DEFAULT NULL,
  `Centro` varchar(45) DEFAULT NULL,
  PRIMARY KEY (`idCarrera`)
) ENGINE=NDBCLUSTER AUTO_INCREMENT=60 DEFAULT CHARSET=utf8mb3;
/*!40101 SET character_set_client = @saved_cs_client */;

--
-- Dumping data for table `carrera`
--

LOCK TABLES `carrera` WRITE;
/*!40000 ALTER TABLE `carrera` DISABLE KEYS */;
INSERT INTO `carrera` VALUES (1,'Ingeniería en Sistemas','Facultad de Ingeniería'),(2,'Medicina','Facultad de Medicina'),(3,'Derecho','Facultad de Derecho'),(4,'Biología','Facultad de Ciencias Naturales'),(5,'Arquitectura','Facultad de Arquitectura'),(6,'Administración de Empresas','Facultad de Economía'),(7,'Literatura','Facultad de Humanidades'),(8,'Psicología','Facultad de Psicología'),(9,'Física','Facultad de Ciencias Exactas'),(10,'Química','Facultad de Ciencias Exactas'),(11,'Matemáticas','Facultad de Ciencias Exactas'),(12,'Historia','Facultad de Humanidades'),(13,'Ingeniería Civil','Facultad de Ingeniería'),(14,'Educación','Facultad de Educación'),(15,'Contabilidad','Facultad de Economía'),(16,'Sociología','Facultad de Ciencias Sociales'),(17,'Geografía','Facultad de Ciencias Sociales'),(18,'Filosofía','Facultad de Humanidades'),(19,'Informática','Facultad de Ciencias de la Computación'),(20,'Arte','Facultad de Bellas Artes'),(21,'Economía','Facultad de Economía'),(22,'Ingeniería Eléctrica','Facultad de Ingeniería'),(23,'Nutrición','Facultad de Ciencias de la Salud'),(24,'Enfermería','Facultad de Ciencias de la Salud'),(25,'Turismo','Facultad de Turismo'),(26,'Diseño Gráfico','Facultad de Diseño'),(27,'Relaciones Internacionales','Facultad de Ciencias Sociales'),(28,'Cine','Facultad de Comunicación y Medios'),(29,'Música','Facultad de Bellas Artes'),(30,'Arqueología','Facultad de Ciencias Sociales'),(31,'Ingeniería Industrial','Facultad de Ingeniería'),(32,'Odontología','Facultad de Ciencias de la Salud'),(33,'Bioquímica','Facultad de Ciencias Naturales'),(34,'Veterinaria','Facultad de Ciencias de la Salud'),(35,'Diseño de Modas','Facultad de Diseño'),(36,'Pedagogía','Facultad de Educación'),(37,'Ciencias Políticas','Facultad de Ciencias Sociales'),(38,'Ingeniería Mecánica','Facultad de Ingeniería'),(39,'Antropología','Facultad de Ciencias Sociales'),(40,'Artes Escénicas','Facultad de Bellas Artes'),(41,'Gastronomía','Facultad de Ciencias de la Gastronomía'),(42,'Biomedicina','Facultad de Ciencias de la Salud'),(43,'Ingeniería Aeroespacial','Facultad de Ingeniería'),(44,'Estadística','Facultad de Ciencias Exactas'),(45,'Danza','Facultad de Bellas Artes'),(46,'Geología','Facultad de Ciencias Naturales'),(47,'Ciencias del Deporte','Facultad de Ciencias del Deporte'),(48,'Teatro','Facultad de Bellas Artes'),(49,'Ingeniería Ambiental','Facultad de Ingeniería'),(50,'Teología','Facultad de Humanidades'),(51,'Astrofísica','Facultad de Ciencias Exactas'),(52,'Farmacia','Facultad de Ciencias de la Salud'),(53,'Periodismo','Facultad de Comunicación y Medios'),(54,'Bioinformática','Facultad de Ciencias de la Computación'),(55,'Arquitectura Paisajista','Facultad de Arquitectura'),(56,'Ingeniería Química','Facultad de Ingeniería'),(57,'Fotografía','Facultad de Bellas Artes'),(58,'Biotecnología','Facultad de Ciencias de la Salud'),(59,'Lingüística','Facultad de Humanidades');
/*!40000 ALTER TABLE `carrera` ENABLE KEYS */;
UNLOCK TABLES;

--
-- Table structure for table `comentario`
--

DROP TABLE IF EXISTS `comentario`;
/*!40101 SET @saved_cs_client     = @@character_set_client */;
/*!50503 SET character_set_client = utf8mb4 */;
CREATE TABLE `comentario` (
  `idComentario` int NOT NULL AUTO_INCREMENT,
  `Texto` longtext,
  `FechaCreacion` datetime DEFAULT NULL,
  `FechaUltimaModificacion` datetime DEFAULT NULL,
  `Valoracion` int DEFAULT NULL,
  `Usuario_idUsuario` int NOT NULL,
  `Post_idPost` int NOT NULL,
  `Post_Usuario_idUsuario` int NOT NULL,
  `Revision_idRevision` int NOT NULL,
  PRIMARY KEY (`idComentario`,`Usuario_idUsuario`,`Post_idPost`,`Post_Usuario_idUsuario`,`Revision_idRevision`),
  KEY `fk_Comentario_Usuario1_idx` (`Usuario_idUsuario`),
  KEY `fk_Comentario_Post1_idx` (`Post_idPost`,`Post_Usuario_idUsuario`),
  KEY `fk_Comentario_Revision1_idx` (`Revision_idRevision`),
  CONSTRAINT `fk_Comentario_Post1` FOREIGN KEY (`Post_idPost`, `Post_Usuario_idUsuario`) REFERENCES `post` (`idPost`, `Usuario_idUsuario`),
  CONSTRAINT `fk_Comentario_Revision1` FOREIGN KEY (`Revision_idRevision`) REFERENCES `revision` (`idRevision`),
  CONSTRAINT `fk_Comentario_Usuario1` FOREIGN KEY (`Usuario_idUsuario`) REFERENCES `usuario` (`idUsuario`)
) ENGINE=NDBCLUSTER AUTO_INCREMENT=692 DEFAULT CHARSET=utf8mb3;
/*!40101 SET character_set_client = @saved_cs_client */;

--
-- Dumping data for table `comentario`
--

LOCK TABLES `comentario` WRITE;
/*!40000 ALTER TABLE `comentario` DISABLE KEYS */;
INSERT INTO `comentario` VALUES (636,'Excelente trabajo!','2024-05-20 10:00:00','2024-05-20 10:00:00',5,6235,1,1,1),(637,'Muy interesante el tema.','2024-05-20 11:00:00','2024-05-20 11:00:00',4,6236,1,1,2),(638,'Felicidades por el esfuerzo.','2024-05-20 12:00:00','2024-05-20 12:00:00',4,6237,2,2,3),(639,'Me encantó este post.','2024-05-20 13:00:00','2024-05-20 13:00:00',5,6238,2,2,4),(640,'¿Alguien más tiene alguna pregunta?','2024-05-20 14:00:00','2024-05-20 14:00:00',3,6239,3,3,5),(641,'Gracias por compartir esta información.','2024-05-20 15:00:00','2024-05-20 15:00:00',4,6240,3,3,6),(642,'Interesante punto de vista.','2024-05-20 16:00:00','2024-05-20 16:00:00',4,6241,4,4,7),(643,'Me gustaría saber más sobre este tema.','2024-05-20 17:00:00','2024-05-20 17:00:00',4,6242,4,4,8),(644,'Buenas ideas aquí.','2024-05-20 18:00:00','2024-05-20 18:00:00',4,6243,5,5,9),(645,'No estoy de acuerdo con algunos puntos.','2024-05-20 19:00:00','2024-05-20 19:00:00',3,6244,5,5,10),(646,'¿Qué opinan ustedes?','2024-05-20 20:00:00','2024-05-20 20:00:00',3,6245,6,6,11),(647,'Muy bien explicado.','2024-05-20 21:00:00','2024-05-20 21:00:00',4,6246,6,6,12),(648,'¿Hay algún ejercicio para practicar esto?','2024-05-20 22:00:00','2024-05-20 22:00:00',3,6247,7,7,13),(649,'¡Me encanta este tema!','2024-05-20 23:00:00','2024-05-20 23:00:00',5,6248,7,7,14),(650,'Nunca había visto este enfoque antes.','2024-05-21 09:00:00','2024-05-21 09:00:00',4,6249,8,8,15),(651,'¿Podrías compartir más recursos?','2024-05-21 10:00:00','2024-05-21 10:00:00',4,6250,8,8,16),(652,'Este post me ayudó mucho.','2024-05-21 11:00:00','2024-05-21 11:00:00',5,6251,9,9,17),(653,'Gracias por las recomendaciones.','2024-05-21 12:00:00','2024-05-21 12:00:00',4,6252,9,9,18),(654,'¿Alguien tiene ejemplos prácticos?','2024-05-21 13:00:00','2024-05-21 13:00:00',3,6253,10,10,19),(655,'No entiendo esta parte.','2024-05-21 14:00:00','2024-05-21 14:00:00',3,6254,10,10,20),(656,'Muy bien redactado.','2024-05-21 15:00:00','2024-05-21 15:00:00',4,6255,11,11,21),(657,'Me gustaría profundizar en este tema.','2024-05-21 16:00:00','2024-05-21 16:00:00',4,6256,11,11,22),(658,'¿Dónde puedo encontrar más información?','2024-05-21 17:00:00','2024-05-21 17:00:00',4,6257,12,12,23),(659,'Interesante discusión.','2024-05-21 18:00:00','2024-05-21 18:00:00',4,6258,12,12,24),(660,'Me encanta participar en este foro.','2024-05-21 19:00:00','2024-05-21 19:00:00',5,6259,13,13,25),(661,'Es genial ver tantas opiniones diferentes.','2024-05-21 20:00:00','2024-05-21 20:00:00',5,6260,13,13,26),(662,'Buena información.','2024-05-21 21:00:00','2024-05-21 21:00:00',4,6261,14,14,27),(663,'Este tema siempre me ha intrigado.','2024-05-21 23:00:00','2024-05-21 23:00:00',4,6263,15,15,29),(664,'¿Hay algún libro recomendado sobre esto?','2024-05-22 09:00:00','2024-05-22 09:00:00',4,6264,15,15,30),(665,'Gracias por compartir tus ideas.','2024-05-22 10:00:00','2024-05-22 10:00:00',4,6265,16,16,31),(666,'¿Podrías explicar esto con un ejemplo?','2024-05-22 11:00:00','2024-05-22 11:00:00',3,6266,16,16,32),(667,'Excelente contribución.','2024-05-22 12:00:00','2024-05-22 12:00:00',5,6267,17,17,33),(668,'Me gusta el enfoque de este post.','2024-05-22 13:00:00','2024-05-22 13:00:00',4,6268,17,17,34),(669,'¿Has encontrado aplicaciones prácticas de esto?','2024-05-22 14:00:00','2024-05-22 14:00:00',3,6269,18,18,35),(670,'Espero ver más contenido como este.','2024-05-22 15:00:00','2024-05-22 15:00:00',4,6270,18,18,36),(671,'Me gustaría ver más ejemplos.','2024-05-22 16:00:00','2024-05-22 16:00:00',4,6271,19,19,37),(672,'Gracias por la información detallada.','2024-05-22 17:00:00','2024-05-22 17:00:00',5,6272,19,19,38),(673,'¿Alguien tiene algún consejo para entender mejor?','2024-05-22 18:00:00','2024-05-22 18:00:00',3,6273,20,20,39),(674,'Interesante punto de vista.','2024-05-22 19:00:00','2024-05-22 19:00:00',4,6274,20,20,40),(675,'¡Este post me abrió los ojos!','2024-05-22 20:00:00','2024-05-22 20:00:00',5,6275,21,21,41),(676,'Me ayudó mucho a entender este concepto.','2024-05-22 21:00:00','2024-05-22 21:00:00',4,6276,21,21,42),(677,'¿Cuál es tu opinión sobre este tema?','2024-05-22 22:00:00','2024-05-22 22:00:00',4,6277,22,22,43),(678,'Buen análisis.','2024-05-22 23:00:00','2024-05-22 23:00:00',4,6278,22,22,44),(679,'¿Hay alguna investigación reciente sobre esto?','2024-05-23 09:00:00','2024-05-23 09:00:00',4,6279,23,23,45),(680,'Interesante discusión.','2024-05-23 10:00:00','2024-05-23 10:00:00',4,6280,23,23,46),(681,'Me gusta cómo está estructurado este post.','2024-05-23 11:00:00','2024-05-23 11:00:00',5,6281,24,24,47),(682,'Buen punto.','2024-05-23 12:00:00','2024-05-23 12:00:00',4,6282,24,24,48),(683,'¿Puedes proporcionar más ejemplos?','2024-05-23 13:00:00','2024-05-23 13:00:00',3,6283,25,25,49),(684,'Estoy de acuerdo con esto.','2024-05-23 14:00:00','2024-05-23 14:00:00',4,6284,25,25,50),(685,'¿Qué opinas sobre esto?','2024-05-23 15:00:00','2024-05-23 15:00:00',4,6285,26,26,51),(686,'Me encanta este enfoque.','2024-05-23 16:00:00','2024-05-23 16:00:00',5,6286,26,26,52),(687,'Buenas ideas.','2024-05-23 17:00:00','2024-05-23 17:00:00',4,6287,27,27,53),(688,'Me ayudó a resolver un problema.','2024-05-23 18:00:00','2024-05-23 18:00:00',5,6288,27,27,54),(689,'¿Alguien tiene alguna duda?','2024-05-23 19:00:00','2024-05-23 19:00:00',3,6289,28,28,55),(690,'Excelente punto de vista.','2024-05-23 20:00:00','2024-05-23 20:00:00',4,6290,28,28,56);
/*!40000 ALTER TABLE `comentario` ENABLE KEYS */;
UNLOCK TABLES;

--
-- Table structure for table `etiqueta`
--

DROP TABLE IF EXISTS `etiqueta`;
/*!40101 SET @saved_cs_client     = @@character_set_client */;
/*!50503 SET character_set_client = utf8mb4 */;
CREATE TABLE `etiqueta` (
  `idEtiqueta` int NOT NULL AUTO_INCREMENT,
  `Nombre` varchar(45) DEFAULT NULL,
  `Post_idPost` int NOT NULL,
  `Post_Usuario_idUsuario` int NOT NULL,
  PRIMARY KEY (`idEtiqueta`,`Post_idPost`,`Post_Usuario_idUsuario`),
  KEY `fk_Etiqueta_Post1_idx` (`Post_idPost`,`Post_Usuario_idUsuario`),
  CONSTRAINT `fk_Etiqueta_Post1` FOREIGN KEY (`Post_idPost`, `Post_Usuario_idUsuario`) REFERENCES `post` (`idPost`, `Usuario_idUsuario`)
) ENGINE=NDBCLUSTER AUTO_INCREMENT=177 DEFAULT CHARSET=utf8mb3;
/*!40101 SET character_set_client = @saved_cs_client */;

--
-- Dumping data for table `etiqueta`
--

LOCK TABLES `etiqueta` WRITE;
/*!40000 ALTER TABLE `etiqueta` DISABLE KEYS */;
INSERT INTO `etiqueta` VALUES (145,'Tecnología',1,1),(146,'Educación',2,2),(147,'Viajes',3,3),(148,'Filosofía',4,4),(149,'Moda',5,5),(150,'Tecnología',6,6),(151,'Viajes',7,7),(152,'Marketing Digital',8,8),(153,'Arquitectura',9,9),(154,'Salud',10,10),(155,'Moda',11,11),(156,'Alimentos',12,12),(157,'Arte',13,13),(158,'Educación',14,14),(159,'Tecnología',15,15),(160,'Viajes',16,16),(161,'Filosofía',17,17),(162,'Moda',18,18),(163,'Tecnología',19,19),(164,'Viajes',20,20),(165,'Marketing Digital',21,21),(166,'Arquitectura',22,22),(167,'Salud',23,23),(168,'Moda',24,24),(169,'Alimentos',25,25),(170,'Arte',26,26),(171,'Educación',27,27),(172,'Tecnología',28,28),(173,'Viajes',29,29),(174,'Filosofía',30,30),(175,'Moda',31,31),(176,'Tecnología',32,32);
/*!40000 ALTER TABLE `etiqueta` ENABLE KEYS */;
UNLOCK TABLES;

--
-- Table structure for table `post`
--

DROP TABLE IF EXISTS `post`;
/*!40101 SET @saved_cs_client     = @@character_set_client */;
/*!50503 SET character_set_client = utf8mb4 */;
CREATE TABLE `post` (
  `idPost` int NOT NULL AUTO_INCREMENT,
  `Titulo` varchar(255) DEFAULT NULL,
  `Descripcion` varchar(255) DEFAULT NULL,
  `FechaCreacion` datetime DEFAULT NULL,
  `FechaUltimaModificacion` datetime DEFAULT NULL,
  `Estatus` enum('Abierta','Cerrada','Privada') DEFAULT NULL,
  `NumeroRespuestas` int DEFAULT NULL,
  `Categoria` varchar(45) DEFAULT NULL,
  `Usuario_idUsuario` int NOT NULL,
  PRIMARY KEY (`idPost`,`Usuario_idUsuario`),
  KEY `fk_Post_Usuario_idx` (`Usuario_idUsuario`)
) ENGINE=NDBCLUSTER AUTO_INCREMENT=588 DEFAULT CHARSET=utf8mb3;
/*!40101 SET character_set_client = @saved_cs_client */;

--
-- Dumping data for table `post`
--

LOCK TABLES `post` WRITE;
/*!40000 ALTER TABLE `post` DISABLE KEYS */;
INSERT INTO `post` VALUES (1,'¿Cómo implementar una lista enlazada en C++?','Busco una guía para implementar una lista enlazada en C++ con ejemplos.','2024-01-15 10:20:00','2024-01-15 11:20:00','Abierta',5,'Programación',1),(2,'Teorema de Pitágoras en la vida diaria','¿Alguien puede explicar con ejemplos cómo se usa el teorema de Pitágoras en situaciones cotidianas?','2024-02-10 09:30:00','2024-02-10 10:30:00','Abierta',3,'Matemáticas',2),(3,'Estructura de una célula animal','Necesito una explicación detallada sobre las partes de una célula animal y sus funciones.','2024-03-05 08:00:00','2024-03-05 09:00:00','Abierta',10,'Biología',3),(4,'Mejores prácticas en JavaScript ES6','Quisiera conocer las mejores prácticas para escribir código en JavaScript ES6.','2024-01-25 14:45:00','2024-01-25 15:45:00','Abierta',8,'Programación',4),(5,'Aplicaciones de la inteligencia artificial en la medicina','¿Cuáles son las aplicaciones más recientes de la inteligencia artificial en el campo de la medicina?','2024-02-15 11:20:00','2024-02-15 12:20:00','Abierta',6,'Inteligencia Artificial',5),(6,'Diferencias entre HTML y HTML5','¿Cuáles son las diferencias principales entre HTML y HTML5?','2024-03-18 16:10:00','2024-03-18 17:10:00','Cerrada',12,'Desarrollo Web',6),(7,'Teorema fundamental del cálculo','Necesito una explicación sobre el teorema fundamental del cálculo y algunos ejemplos prácticos.','2024-04-02 13:35:00','2024-04-02 14:35:00','Abierta',9,'Matemáticas',7),(8,'Cómo escribir una buena tesis','Busco consejos sobre cómo estructurar y escribir una tesis de manera efectiva.','2024-05-11 10:00:00','2024-05-11 11:00:00','Abierta',15,'Redacción Académica',8),(9,'Principios básicos de la economía','¿Cuáles son los principios básicos de la economía que todos deberían conocer?','2024-06-09 09:20:00','2024-06-09 10:20:00','Abierta',4,'Economía',9),(10,'Efecto invernadero y cambio climático','Necesito información sobre cómo el efecto invernadero contribuye al cambio climático.','2024-07-14 14:00:00','2024-07-14 15:00:00','Abierta',7,'Ciencias Ambientales',10),(11,'Cómo optimizar consultas SQL','¿Cuáles son las mejores prácticas para optimizar consultas SQL en bases de datos grandes?','2024-08-18 11:50:00','2024-08-18 12:50:00','Cerrada',11,'Bases de Datos',11),(12,'Historia del Renacimiento','Busco información detallada sobre los principales eventos y figuras del Renacimiento.','2024-09-10 08:30:00','2024-09-10 09:30:00','Abierta',13,'Historia',12),(13,'Conceptos básicos de la teoría de juegos','¿Qué es la teoría de juegos y cómo se aplica en la toma de decisiones?','2024-10-05 12:15:00','2024-10-05 13:15:00','Abierta',2,'Matemáticas',13),(14,'Qué es el Machine Learning','Necesito una introducción sobre qué es el machine learning y sus aplicaciones más comunes.','2024-11-01 15:40:00','2024-11-01 16:40:00','Abierta',16,'Inteligencia Artificial',14),(15,'Cómo configurar un servidor web Apache','Quisiera saber los pasos para configurar un servidor web Apache desde cero.','2024-12-12 10:30:00','2024-12-12 11:30:00','Cerrada',1,'Administración de Sistemas',15),(16,'Estilos de liderazgo en las organizaciones','¿Cuáles son los estilos de liderazgo más efectivos en las organizaciones modernas?','2024-01-22 13:45:00','2024-01-22 14:45:00','Abierta',6,'Administración de Empresas',16),(17,'Principios de la termodinámica','¿Cuáles son los principios fundamentales de la termodinámica?','2024-02-18 09:10:00','2024-02-18 10:10:00','Abierta',8,'Física',17),(18,'Diseño de interfaces de usuario','Busco consejos sobre las mejores prácticas en el diseño de interfaces de usuario.','2024-03-25 14:20:00','2024-03-25 15:20:00','Abierta',9,'Diseño Gráfico',18),(19,'Cómo utilizar Git y GitHub','Quisiera aprender a utilizar Git y GitHub para el control de versiones.','2024-04-30 16:50:00','2024-04-30 17:50:00','Abierta',7,'Desarrollo de Software',19),(20,'Historia de la Revolución Industrial','Necesito información sobre los principales eventos y consecuencias de la Revolución Industrial.','2024-05-20 08:00:00','2024-05-20 09:00:00','Abierta',4,'Historia',20),(21,'Bases de datos NoSQL vs SQL','¿Cuáles son las diferencias entre las bases de datos NoSQL y SQL?','2024-06-25 10:20:00','2024-06-25 11:20:00','Abierta',10,'Bases de Datos',21),(22,'Algoritmos de ordenación en Python','Quisiera conocer los diferentes algoritmos de ordenación que se pueden implementar en Python.','2024-07-18 13:30:00','2024-07-18 14:30:00','Abierta',12,'Programación',22),(23,'Impacto de la tecnología en la educación','¿Cómo ha impactado la tecnología en los métodos de enseñanza y aprendizaje?','2024-08-11 09:45:00','2024-08-11 10:45:00','Abierta',15,'Educación',23),(24,'Principios del diseño de bases de datos','¿Cuáles son los principios fundamentales para el diseño de bases de datos eficientes?','2024-09-02 11:00:00','2024-09-02 12:00:00','Abierta',3,'Bases de Datos',24),(25,'Introducción al análisis de datos','Busco una introducción sobre las técnicas y herramientas para el análisis de datos.','2024-10-15 15:10:00','2024-10-15 16:10:00','Abierta',6,'Ciencia de Datos',25),(26,'Importancia del marketing digital','¿Por qué es importante el marketing digital en la actualidad y cuáles son sus principales estrategias?','2024-11-07 08:50:00','2024-11-07 09:50:00','Abierta',2,'Marketing',26),(27,'Desarrollo de aplicaciones móviles','Quisiera aprender sobre el desarrollo de aplicaciones móviles para Android e iOS.','2024-12-20 13:40:00','2024-12-20 14:40:00','Abierta',9,'Desarrollo de Software',27),(28,'El impacto del cambio climático en los océanos','¿Cómo afecta el cambio climático a los océanos y qué medidas se pueden tomar?','2024-01-29 12:30:00','2024-01-29 13:30:00','Abierta',11,'Ciencias Ambientales',28),(29,'Teoría de la relatividad de Einstein','Necesito una explicación sobre los conceptos básicos de la teoría de la relatividad de Einstein.','2024-02-27 09:55:00','2024-02-27 10:55:00','Abierta',14,'Física',29),(30,'Cómo redactar un artículo científico','Busco una guía sobre cómo redactar un artículo científico paso a paso.','2024-03-19 15:35:00','2024-03-19 16:35:00','Abierta',1,'Redacción Académica',30),(31,'Programación orientada a objetos en Java','¿Cuáles son los conceptos básicos de la programación orientada a objetos en Java?','2024-04-22 10:45:00','2024-04-22 11:45:00','Abierta',5,'Programación',31),(32,'Principios de la química orgánica','Busco información sobre los principios fundamentales de la química orgánica.','2024-05-27 14:55:00','2024-05-27 15:55:00','Abierta',7,'Química',32),(33,'Cómo realizar un análisis financiero','Quisiera aprender sobre las técnicas y herramientas para realizar un análisis financiero efectivo.','2024-06-13 09:10:00','2024-06-13 10:10:00','Abierta',13,'Finanzas',33),(34,'Diseño de algoritmos eficientes','¿Cuáles son las mejores prácticas para diseñar algoritmos eficientes?','2024-07-05 11:20:00','2024-07-05 12:20:00','Abierta',8,'Algoritmos',34),(35,'Fundamentos de la arquitectura de computadores','Necesito una introducción sobre los fundamentos de la arquitectura de computadores.','2024-08-10 16:00:00','2024-08-10 17:00:00','Abierta',2,'Ingeniería de Computadores',35),(36,'Cómo escribir una carta de presentación efectiva','Busco consejos sobre cómo escribir una carta de presentación que destaque.','2024-09-15 13:25:00','2024-09-15 14:25:00','Abierta',10,'Desarrollo Profesional',36),(37,'El impacto de la globalización en las economías emergentes','¿Cómo ha impactado la globalización en las economías emergentes en las últimas décadas?','2024-10-08 08:40:00','2024-10-08 09:40:00','Abierta',12,'Economía',37),(38,'Principios de la criptografía','Busco una introducción sobre los principios básicos de la criptografía y su importancia.','2024-11-25 11:15:00','2024-11-25 12:15:00','Abierta',3,'Seguridad Informática',38),(39,'Técnicas avanzadas de SEO','Quisiera aprender sobre las técnicas avanzadas de SEO para mejorar el posicionamiento en buscadores.','2024-12-17 14:35:00','2024-12-17 15:35:00','Abierta',14,'Marketing Digital',39),(40,'Desarrollo sostenible y sus desafíos','¿Cuáles son los principales desafíos para lograr un desarrollo sostenible?','2024-01-10 10:05:00','2024-01-10 11:05:00','Abierta',9,'Ciencias Ambientales',40),(41,'Cómo gestionar un proyecto ágil','Busco información sobre cómo gestionar un proyecto utilizando metodologías ágiles.','2024-02-12 12:40:00','2024-02-12 13:40:00','Abierta',5,'Gestión de Proyectos',41),(42,'El papel de la mujer en la ciencia','¿Cuáles han sido las contribuciones más importantes de las mujeres en la ciencia a lo largo de la historia?','2024-03-21 09:50:00','2024-03-21 10:50:00','Abierta',6,'Historia',42),(43,'Introducción a la programación en Python','Busco una introducción sobre los conceptos básicos de la programación en Python.','2024-04-15 11:30:00','2024-04-15 12:30:00','Abierta',13,'Programación',43),(44,'Historia de la filosofía occidental','Necesito información sobre los principales filósofos y corrientes de la filosofía occidental.','2024-05-20 14:10:00','2024-05-20 15:10:00','Abierta',2,'Filosofía',44),(45,'Principios de la estadística','Busco una introducción sobre los principios básicos de la estadística y sus aplicaciones.','2024-06-18 09:35:00','2024-06-18 10:35:00','Abierta',8,'Matemáticas',45),(46,'Cómo desarrollar habilidades de liderazgo','Quisiera aprender sobre las técnicas y estrategias para desarrollar habilidades de liderazgo efectivas.','2024-07-21 13:50:00','2024-07-21 14:50:00','Abierta',4,'Desarrollo Profesional',46),(47,'Historia del arte renacentista','Busco información detallada sobre las principales obras y artistas del arte renacentista.','2024-08-16 10:25:00','2024-08-16 11:25:00','Abierta',7,'Historia del Arte',47),(48,'Importancia de la ética profesional','¿Por qué es importante la ética profesional en el ámbito laboral?','2024-09-19 12:55:00','2024-09-19 13:55:00','Abierta',5,'Ética Profesional',48),(49,'Cómo realizar una investigación de mercado','Busco una guía sobre cómo realizar una investigación de mercado paso a paso.','2024-10-22 11:45:00','2024-10-22 12:45:00','Abierta',11,'Marketing',49),(50,'El impacto de la inteligencia artificial en la sociedad','¿Cuáles son los impactos más significativos de la inteligencia artificial en la sociedad actual?','2024-11-29 09:15:00','2024-11-29 10:15:00','Abierta',9,'Inteligencia Artificial',50),(231,'Cómo utilizar CSS Grid para diseño web','Busco una guía sobre cómo utilizar CSS Grid para crear diseños web responsivos.','2024-01-20 10:00:00','2024-01-20 11:00:00','Abierta',5,'Desarrollo Web',51),(232,'Teoría de la evolución de Darwin','¿Cuáles son los principales puntos de la teoría de la evolución de Darwin?','2024-02-12 14:30:00','2024-02-12 15:30:00','Abierta',7,'Biología',52),(233,'Introducción al cálculo diferencial','Necesito una explicación básica sobre los conceptos del cálculo diferencial.','2024-03-18 09:45:00','2024-03-18 10:45:00','Abierta',10,'Matemáticas',53),(234,'Las mejores prácticas en UX Design','Busco información sobre las mejores prácticas en el diseño de experiencia de usuario.','2024-04-22 13:50:00','2024-04-22 14:50:00','Abierta',6,'Diseño Gráfico',54),(235,'Conceptos básicos de la física cuántica','¿Cuáles son los conceptos básicos de la física cuántica y sus aplicaciones?','2024-05-11 15:10:00','2024-05-11 16:10:00','Abierta',8,'Física',55),(236,'Implementación de REST APIs con Node.js','Quisiera aprender cómo implementar REST APIs utilizando Node.js.','2024-06-25 10:30:00','2024-06-25 11:30:00','Abierta',9,'Programación',56),(237,'Historia del arte contemporáneo','Necesito información sobre los principales movimientos y artistas del arte contemporáneo.','2024-07-19 14:20:00','2024-07-19 15:20:00','Abierta',4,'Historia del Arte',57),(238,'Importancia de la seguridad en redes','¿Por qué es importante la seguridad en redes y cómo se puede mejorar?','2024-08-10 09:40:00','2024-08-10 10:40:00','Abierta',11,'Seguridad Informática',58),(239,'Técnicas de Machine Learning en Python','Busco información sobre las técnicas de Machine Learning que se pueden implementar en Python.','2024-09-14 16:00:00','2024-09-14 17:00:00','Abierta',7,'Inteligencia Artificial',59),(240,'Principios de la economía circular','¿Cuáles son los principios y beneficios de la economía circular?','2024-10-05 11:20:00','2024-10-05 12:20:00','Abierta',3,'Economía',60),(241,'Cómo gestionar conflictos en equipos de trabajo','Busco consejos sobre cómo gestionar y resolver conflictos en equipos de trabajo.','2024-11-15 13:35:00','2024-11-15 14:35:00','Abierta',10,'Administración de Empresas',61),(242,'Introducción a la programación funcional','¿Qué es la programación funcional y cuáles son sus principales características?','2024-12-27 15:45:00','2024-12-27 16:45:00','Abierta',5,'Programación',62),(243,'El impacto de las redes sociales en la sociedad','¿Cómo han impactado las redes sociales en la comunicación y relaciones sociales?','2024-01-08 09:20:00','2024-01-08 10:20:00','Abierta',12,'Sociología',63),(244,'Técnicas avanzadas de análisis de datos','Quisiera aprender sobre las técnicas avanzadas de análisis de datos y sus aplicaciones.','2024-02-23 10:55:00','2024-02-23 11:55:00','Abierta',8,'Ciencia de Datos',64),(245,'Historia de la música clásica','Busco información sobre los principales compositores y obras de la música clásica.','2024-03-15 14:10:00','2024-03-15 15:10:00','Abierta',13,'Historia de la Música',65),(246,'Cómo crear un plan de marketing efectivo','Quisiera aprender los pasos para crear un plan de marketing efectivo.','2024-04-19 11:00:00','2024-04-19 12:00:00','Abierta',6,'Marketing',66),(247,'Introducción a los sistemas operativos','Necesito una explicación sobre los conceptos básicos de los sistemas operativos.','2024-05-22 16:25:00','2024-05-22 17:25:00','Abierta',9,'Informática',67),(248,'El papel de la ética en la inteligencia artificial','¿Cuál es la importancia de la ética en el desarrollo y uso de la inteligencia artificial?','2024-06-30 12:15:00','2024-06-30 13:15:00','Abierta',2,'Inteligencia Artificial',68),(249,'Cómo desarrollar habilidades de negociación','Busco técnicas y estrategias para desarrollar habilidades de negociación efectivas.','2024-07-14 09:50:00','2024-07-14 10:50:00','Abierta',7,'Desarrollo Profesional',69),(250,'Historia del cine','Necesito información sobre los principales hitos y figuras de la historia del cine.','2024-08-19 11:35:00','2024-08-19 12:35:00','Abierta',4,'Historia del Cine',70),(251,'Introducción a la teoría de números','¿Cuáles son los conceptos básicos de la teoría de números y sus aplicaciones?','2024-09-25 14:45:00','2024-09-25 15:45:00','Abierta',11,'Matemáticas',71),(252,'Técnicas de diseño centrado en el usuario','Busco información sobre las técnicas de diseño centrado en el usuario.','2024-10-30 13:10:00','2024-10-30 14:10:00','Abierta',6,'Diseño Gráfico',72),(253,'Cómo implementar DevOps en tu empresa','Quisiera aprender sobre las mejores prácticas para implementar DevOps en una empresa.','2024-11-05 10:30:00','2024-11-05 11:30:00','Abierta',8,'Administración de Sistemas',73),(254,'Impacto de la nanotecnología en la medicina','¿Cuáles son los avances más recientes de la nanotecnología en el campo de la medicina?','2024-12-18 15:20:00','2024-12-18 16:20:00','Abierta',7,'Ciencias de la Salud',74),(255,'Conceptos básicos de la bioquímica','Necesito una explicación sobre los conceptos básicos de la bioquímica.','2024-01-24 08:00:00','2024-01-24 09:00:00','Abierta',10,'Química',75),(256,'Cómo escribir un currículum vitae efectivo','Busco consejos sobre cómo escribir un currículum vitae que destaque.','2024-02-14 14:40:00','2024-02-14 15:40:00','Abierta',6,'Desarrollo Profesional',76),(257,'El impacto del cambio climático en la biodiversidad','¿Cómo afecta el cambio climático a la biodiversidad y qué medidas se pueden tomar?','2024-03-29 09:30:00','2024-03-29 10:30:00','Abierta',9,'Ciencias Ambientales',77),(258,'Principios de la economía del comportamiento','¿Cuáles son los principios básicos de la economía del comportamiento?','2024-04-25 16:40:00','2024-04-25 17:40:00','Abierta',4,'Economía',78),(259,'Cómo desarrollar aplicaciones web con React','Quisiera aprender sobre el desarrollo de aplicaciones web utilizando React.','2024-05-12 10:15:00','2024-05-12 11:15:00','Abierta',11,'Desarrollo Web',79),(260,'Historia de la filosofía oriental','Necesito informaciónsobre los principales filósofos y corrientes de pensamiento en la filosofía oriental.','2024-06-10 13:20:00','2024-06-10 14:20:00','Abierta',5,'Filosofía',80),(261,'Introducción a la criptografía moderna','Busco una introducción a los principios y aplicaciones de la criptografía moderna.','2024-07-02 11:05:00','2024-07-02 12:05:00','Abierta',8,'Seguridad Informática',81),(262,'Técnicas de narrativa audiovisual','Quisiera aprender sobre las técnicas de narrativa utilizadas en la producción audiovisual.','2024-08-09 15:30:00','2024-08-09 16:30:00','Abierta',6,'Producción Audiovisual',82),(263,'Cómo mejorar la productividad personal','Busco consejos y herramientas para mejorar mi productividad personal.','2024-09-03 09:15:00','2024-09-03 10:15:00','Abierta',12,'Desarrollo Personal',83),(264,'Introducción a la arquitectura moderna','Necesito una introducción a los principales estilos y obras de la arquitectura moderna.','2024-10-11 14:50:00','2024-10-11 15:50:00','Abierta',3,'Arquitectura',84),(265,'El futuro de la inteligencia artificial','¿Cuáles son las tendencias y posibles aplicaciones futuras de la inteligencia artificial?','2024-11-21 12:40:00','2024-11-21 13:40:00','Abierta',9,'Tecnología',85),(266,'Cómo crear una estrategia de marketing digital','Busco una guía paso a paso para crear una estrategia efectiva de marketing digital.','2024-12-30 09:00:00','2024-12-30 10:00:00','Abierta',7,'Marketing',86),(267,'Aplicaciones de la realidad virtual en la educación','¿Cómo se pueden utilizar la realidad virtual como herramienta educativa?','2024-01-13 15:55:00','2024-01-13 16:55:00','Abierta',10,'Educación',87),(268,'Principios de la mecánica cuántica','Necesito una explicación sobre los principios básicos de la mecánica cuántica.','2024-02-08 09:10:00','2024-02-08 10:10:00','Abierta',5,'Física',88),(269,'Cómo mejorar la seguridad de una página web','Busco consejos y buenas prácticas para mejorar la seguridad de mi página web.','2024-03-18 14:30:00','2024-03-18 15:30:00','Abierta',8,'Desarrollo Web',89),(270,'Historia de la arquitectura renacentista','Necesito información sobre los principales arquitectos y obras del renacimiento.','2024-04-01 10:20:00','2024-04-01 11:20:00','Abierta',11,'Historia del Arte',90),(271,'Técnicas de gestión de proyectos ágiles','Quisiera aprender sobre las técnicas y metodologías de gestión de proyectos ágiles.','2024-05-08 12:45:00','2024-05-08 13:45:00','Abierta',6,'Gestión de Proyectos',91),(272,'Cómo aplicar el análisis de sentimientos en redes sociales','Busco una guía sobre cómo utilizar el análisis de sentimientos en redes sociales.','2024-06-25 09:30:00','2024-06-25 10:30:00','Abierta',9,'Ciencia de Datos',92),(273,'El impacto de la globalización en la cultura','¿Cómo ha impactado la globalización en la diversidad cultural y en las identidades locales?','2024-07-15 14:20:00','2024-07-15 15:20:00','Abierta',4,'Sociología',93),(274,'Técnicas de ilustración digital','Quisiera aprender sobre las técnicas y herramientas utilizadas en la ilustración digital.','2024-08-29 11:10:00','2024-08-29 12:10:00','Abierta',7,'Diseño Gráfico',94),(275,'Cómo implementar una estrategia de SEO','Busco una guía paso a paso para implementar una estrategia efectiva de SEO.','2024-09-10 15:40:00','2024-09-10 16:40:00','Abierta',10,'Marketing Digital',95),(276,'Historia de la filosofía occidental','Necesito información sobre los principales filósofos y corrientes de pensamiento en la filosofía occidental.','2024-10-20 13:00:00','2024-10-20 14:00:00','Abierta',8,'Filosofía',96),(277,'Cómo diseñar una experiencia de usuario efectiva','Quisiera aprender sobre los principios y técnicas para diseñar una experiencia de usuario efectiva.','2024-11-28 09:50:00','2024-11-28 10:50:00','Abierta',5,'Diseño de Interfaz',97),(278,'Aplicaciones de la inteligencia artificial en la medicina','¿Cómo se puede utilizar la inteligencia artificial para mejorar el diagnóstico y tratamiento médico?','2024-12-15 11:30:00','2024-12-15 12:30:00','Abierta',12,'Ciencias de la Salud',98),(279,'Conceptos básicos de la psicología cognitiva','Necesito una introducción a los conceptos básicos y teorías de la psicología cognitiva.','2024-01-02 14:15:00','2024-01-02 15:15:00','Abierta',7,'Psicología',99),(280,'Cómo desarrollar una estrategia de contenidos','Busco una guía para desarrollar una estrategia de contenidos efectiva para mi sitio web.','2024-02-18 10:25:00','2024-02-18 11:25:00','Abierta',9,'Marketing Digital',100),(281,'Introducción a la teoría de la relatividad','Necesito una explicación sobre los conceptos básicos de la teoría de la relatividad de Einstein.','2024-03-04 15:50:00','2024-03-04 16:50:00','Abierta',5,'Física',101),(282,'Cómo construir una marca personal','Quisiera aprender sobre los pasos para construir una marca personal sólida.','2024-04-14 09:40:00','2024-04-14 10:40:00','Abierta',8,'Desarrollo Personal',102),(283,'El impacto de la inteligencia artificial en la industria','¿Cómo está transformando la inteligencia artificial diferentes sectores de la industria?','2024-05-20 11:20:00','2024-05-20 12:20:00','Abierta',11,'Tecnología',103),(284,'Técnicas de animación 3D','Busco información sobre las técnicas y herramientas utilizadas en la animación 3D.','2024-06-28 14:30:00','2024-06-28 15:30:00','Abierta',6,'Animación',104),(285,'Cómo crear una estrategia de email marketing','Quisiera aprender a crear una estrategia efectiva de email marketing para mi negocio.','2024-07-12 10:15:00','2024-07-12 11:15:00','Abierta',9,'Marketing Digital',105),(286,'Historia de la literatura latinoamericana','Necesito información sobre los principales autores y obras de la literatura latinoamericana.','2024-08-23 15:00:00','2024-08-23 16:00:00','Abierta',7,'Literatura',106),(287,'Cómo optimizar el rendimiento de un sitio web','Busco consejos y herramientas para mejorar el rendimiento de mi sitio web.','2024-09-05 09:55:00','2024-09-05 10:55:00','Abierta',10,'Desarrollo Web',107),(288,'Introducción a la teoría de grafos','Necesito una introducción a los conceptos básicos de la teoría de grafos y sus aplicaciones.','2024-10-10 14:45:00','2024-10-10 15:45:00','Abierta',5,'Matemáticas',108),(289,'Cómo mejorar la comunicación interpersonal','Quisiera aprender técnicas para mejorar la comunicación con otras personas en diferentes contextos.','2024-11-14 12:30:00','2024-11-14 13:30:00','Abierta',8,'Desarrollo Personal',109),(290,'Aplicaciones de la realidad aumentada en la educación','¿Cómo se puede utilizar la realidad aumentada para mejorar la experiencia educativa?','2024-12-28 14:20:00','2024-12-28 15:20:00','Abierta',6,'Educación',110),(291,'Cómo cultivar un jardín orgánico','Busco consejos sobre cómo empezar un jardín orgánico en casa.','2025-01-15 08:00:00','2025-01-15 09:00:00','Abierta',7,'Jardinería',1),(292,'Principios básicos de la programación orientada a objetos','Necesito una explicación sobre los conceptos fundamentales de la programación orientada a objetos.','2025-02-20 14:30:00','2025-02-20 15:30:00','Abierta',9,'Programación',2),(293,'Cómo mejorar la productividad personal','Quisiera consejos prácticos para aumentar mi productividad en el trabajo y en la vida diaria.','2025-03-10 10:45:00','2025-03-10 11:45:00','Abierta',8,'Desarrollo Personal',3),(294,'Introducción al análisis de datos con Python','Busco recursos para aprender a realizar análisis de datos utilizando Python.','2025-04-05 09:20:00','2025-04-05 10:20:00','Abierta',6,'Ciencia de Datos',4),(295,'Técnicas de dibujo a lápiz','Quisiera aprender técnicas avanzadas de dibujo a lápiz para mejorar mis habilidades artísticas.','2025-05-12 13:15:00','2025-05-12 14:15:00','Abierta',7,'Arte',5),(296,'Cómo desarrollar una estrategia de contenidos para redes sociales','Busco orientación sobre cómo planificar y ejecutar una estrategia de contenidos efectiva para redes sociales.','2025-06-18 11:30:00','2025-06-18 12:30:00','Abierta',8,'Marketing Digital',6),(297,'Historia del arte renacentista','Necesito información sobre los principales artistas y obras del período renacentista.','2025-07-20 14:40:00','2025-07-20 15:40:00','Abierta',5,'Historia del Arte',7),(298,'Cómo mejorar la calidad de las fotografías','Quisiera consejos sobre cómo tomar mejores fotografías y editarlas para obtener resultados profesionales.','2025-08-28 12:10:00','2025-08-28 13:10:00','Abierta',6,'Fotografía',8),(299,'Introducción a la economía','Necesito una introducción a los principios básicos de la economía y sus aplicaciones prácticas.','2025-09-15 09:00:00','2025-09-15 10:00:00','Abierta',7,'Economía',9),(300,'Cómo desarrollar habilidades de liderazgo','Quisiera aprender técnicas para mejorar mis habilidades de liderazgo y trabajar de manera más efectiva con equipos.','2025-10-10 10:50:00','2025-10-10 11:50:00','Abierta',8,'Desarrollo Profesional',10),(301,'Aplicaciones de la inteligencia artificial en el sector salud','¿Cómo está transformando la inteligencia artificial la atención médica y el diagnóstico de enfermedades?','2025-11-22 15:30:00','2025-11-22 16:30:00','Abierta',9,'Tecnología',11),(302,'Técnicas de maquillaje profesional','Busco tutoriales y consejos sobre cómo aplicar maquillaje de manera profesional para diferentes ocasiones.','2025-12-05 11:20:00','2025-12-05 12:20:00','Abierta',6,'Belleza',12),(303,'Cómo mejorar la escritura creativa','Quisiera aprender técnicas y ejercicios para potenciar mi creatividad y mejorar mi escritura.','2026-01-18 14:15:00','2026-01-18 15:15:00','Abierta',7,'Escritura',13),(304,'Principios básicos de la inteligencia emocional','Necesito una introducción a los conceptos básicos de la inteligencia emocional y su importancia en la vida cotidiana.','2026-02-10 09:40:00','2026-02-10 10:40:00','Abierta',5,'Desarrollo Personal',14),(305,'Cómo diseñar una estrategia de marketing digital','Busco una guía paso a paso para diseñar una estrategia de marketing digital efectiva para mi negocio.','2026-03-28 12:30:00','2026-03-28 13:30:00','Abierta',8,'Marketing Digital',15),(306,'Historia de la música clásica','Necesito información sobre los compositores y obras más destacadas en la historia de la música clásica.','2026-04-15 09:25:00','2026-04-15 10:25:00','Abierta',6,'Música',16),(307,'Cómo mejorar la concentración y la atención','Quisiera consejos prácticos para aumentar mi capacidad de concentración y mejorar mi enfoque en las tareas.','2026-05-20 11:10:00','2026-05-20 12:10:00','Abierta',7,'Desarrollo Personal',17),(308,'Aplicaciones de la realidad virtual en la arquitectura','¿Cómo se utiliza la realidad virtual para el diseño y la visualización arquitectónica?','2026-06-10 14:45:00','2026-06-10 15:45:00','Abierta',5,'Arquitectura',18),(309,'Técnicas de ilustración digital','Busco tutoriales y consejos sobre cómo crear ilustraciones digitales utilizando software especializado.','2026-07-22 09:20:00','2026-07-22 10:20:00','Abierta',6,'Arte',19),(310,'Cómo preparar un plan de negocios','Quisiera aprender a elaborar un plan de negocios sólido para mi emprendimiento.','2026-08-18 12:05:00','2026-08-18 13:05:00','Abierta',8,'Emprendimiento',20),(311,'Fundamentos de la psicología cognitiva','Necesito una introducción a los conceptos básicos de la psicología cognitiva y sus aplicaciones.','2026-09-10 10:30:00','2026-09-10 11:30:00','Abierta',7,'Psicología',21),(312,'Cómo realizar una sesión de fotos profesional','Busco consejos prácticos para organizar y llevar a cabo una sesión de fotos profesional.','2026-10-05 14:15:00','2026-10-05 15:15:00','Abierta',6,'Fotografía',22),(313,'Introducción a la inteligencia artificial','Necesito una introducción básica a los conceptos y aplicaciones de la inteligencia artificial.','2026-11-20 11:40:00','2026-11-20 12:40:00','Abierta',5,'Tecnología',23),(314,'Cómo mejorar la gestión del tiempo','Quisiera consejos y técnicas para administrar mejor mi tiempo y aumentar mi productividad.','2026-12-08 10:20:00','2026-12-08 11:20:00','Abierta',7,'Desarrollo Personal',24),(315,'Técnicas de pintura al óleo','Busco tutoriales y consejos sobre cómo pintar con óleo y crear obras de arte expresivas.','2027-01-15 09:30:00','2027-01-15 10:30:00','Abierta',6,'Arte',25),(316,'Cómo optimizar un sitio web para motores de búsqueda','Busco una guía paso a paso para mejorar el posicionamiento de mi sitio web en los resultados de búsqueda.','2027-02-20 12:50:00','2027-02-20 13:50:00','Abierta',8,'Marketing Digital',26),(317,'Historia de la literatura universal','Necesito información sobre los períodos y movimientos literarios más importantes en la historia de la literatura mundial.','2027-03-18 14:00:00','2027-03-18 15:00:00','Abierta',7,'Literatura',27),(318,'Cómo desarrollar una estrategia de branding','Quisiera aprender a crear una identidad de marca sólida para mi negocio o proyecto personal.','2027-04-22 11:15:00','2027-04-22 12:15:00','Abierta',6,'Marketing',28),(319,'Introducción a la neurociencia','Necesito una introducción básica a los principios de la neurociencia y su relación con el comportamiento humano.','2027-05-10 09:45:00','2027-05-10 10:45:00','Abierta',5,'Ciencia',29),(320,'Cómo mejorar la comunicación interpersonal','Quisiera consejos prácticos para mejorar mis habilidades de comunicación y establecer relaciones más efectivas.','2027-06-18 13:20:00','2027-06-18 14:20:00','Abierta',7,'Desarrollo Personal',30),(321,'Técnicas de edición de video','Busco tutoriales y consejos sobre cómo editar videos de manera profesional utilizando software especializado.','2027-07-20 10:00:00','2027-07-20 11:00:00','Abierta',6,'Producción Audiovisual',31),(322,'Cómo crear un plan de marketing digital','Quisiera aprender a diseñar un plan de marketing digital efectivo para mi empresa.','2027-08-12 14:30:00','2027-08-12 15:30:00','Abierta',8,'Marketing Digital',32),(323,'Historia de la filosofía occidental','Necesito información sobre los filósofos y corrientes de pensamiento más importantes en la historia de la filosofía occidental.','2027-09-05 12:45:00','2027-09-05 13:45:00','Abierta',7,'Filosofía',33),(324,'Cómo cultivar plantas suculentas en interiores','Busco consejos sobre cómo cuidar y cultivar plantas suculentas en el interior de mi hogar.','2027-10-18 09:10:00','2027-10-18 10:10:00','Abierta',6,'Jardinería',34),(325,'Principios básicos de la estadística','Necesito una introducción a los conceptos básicos de la estadística y sus aplicaciones en la investigación y el análisis de datos.','2027-11-22 11:20:00','2027-11-22 12:20:00','Abierta',5,'Matemáticas',35),(326,'Cómo mejorar la memoria y la concentración','Quisiera consejos y técnicas para desarrollar una memoria más fuerte y aumentar mi capacidad de concentración.','2027-12-08 10:00:00','2027-12-08 11:00:00','Abierta',7,'Desarrollo Personal',36),(327,'Técnicas de fotografía de paisajes','Busco consejos prácticos sobre cómo capturar paisajes de manera impactante y artística.','2028-01-15 13:30:00','2028-01-15 14:30:00','Abierta',6,'Fotografía',37),(328,'Cómo iniciar un negocio de comercio electrónico','Quisiera aprender a lanzar y gestionar un negocio de venta en línea de manera exitosa.','2028-02-20 11:45:00','2028-02-20 12:45:00','Abierta',8,'Emprendimiento',38),(329,'Historia del cine mundial','Necesito información sobre los hitos y movimientos cinematográficos más importantes en la historia del cine.','2028-03-18 14:20:00','2028-03-18 15:20:00','Abierta',7,'Cine',39),(330,'Cómo desarrollar una estrategia de contenido para blogs','Busco orientación sobre cómo planificar y ejecutar una estrategia de contenido efectiva para mi blog.','2028-04-22 12:10:00','2028-04-22 13:10:00','Abierta',6,'Blogging',40),(331,'Introducción a la teoría musical','Necesito una introducción a los conceptos básicos de la teoría musical y la notación.','2028-05-10 09:30:00','2028-05-10 10:30:00','Abierta',5,'Música',41),(332,'Cómo superar el miedo escénico','Quisiera consejos prácticos para vencer el miedo escénico y mejorar mi desempeño en presentaciones públicas.','2028-06-18 13:40:00','2028-06-18 14:40:00','Abierta',7,'Desarrollo Personal',42),(333,'Técnicas de modelado 3D','Busco tutoriales y consejos sobre cómo crear modelos tridimensionales utilizando software de modelado.','2028-07-20 10:15:00','2028-07-20 11:15:00','Abierta',6,'Diseño',43),(334,'Cómo crear una estrategia de email marketing','Quisiera aprender a diseñar campañas de email marketing efectivas para mi negocio.','2028-08-12 14:40:00','2028-08-12 15:40:00','Abierta',8,'Marketing Digital',44),(335,'Historia de la fotografía','Necesito información sobre los fotógrafos y procesos técnicos más importantes en la historia de la fotografía.','2028-09-05 12:50:00','2028-09-05 13:50:00','Abierta',7,'Fotografía',45),(336,'Cómo escribir un guion cinematográfico','Busco una guía paso a paso para escribir un guion de película o cortometraje.','2028-10-18 09:20:00','2028-10-18 10:20:00','Abierta',6,'Cine',46),(337,'Principios básicos de la inteligencia artificial','Necesito una introducción a los conceptos fundamentales de la inteligencia artificial y sus aplicaciones prácticas.','2028-11-22 11:30:00','2028-11-22 12:30:00','Abierta',5,'Tecnología',47),(338,'Cómo mejorar la gestión del estrés','Quisiera consejos prácticos para reducir el estrés y mantener un equilibrio emocional en mi vida diaria.','2028-12-08 10:10:00','2028-12-08 11:10:00','Abierta',7,'Salud Mental',48),(339,'Técnicas de composición musical','Busco tutoriales y consejos sobre cómo componer música de manera creativa y efectiva.','2029-01-15 13:50:00','2029-01-15 14:50:00','Abierta',6,'Música',49),(340,'Cómo iniciar un negocio de comida a domicilio','Quisiera aprender a lanzar y gestionar un servicio de entrega de alimentos a domicilio.','2029-02-20 11:55:00','2029-02-20 12:55:00','Abierta',8,'Emprendimiento',50),(341,'Historia del arte contemporáneo','Necesito información sobre los movimientos y artistas más relevantes en el arte contemporáneo.','2029-03-18 14:30:00','2029-03-18 15:30:00','Abierta',7,'Historia del Arte',51),(342,'Cómo mejorar la calidad del sueño','Quisiera consejos prácticos para dormir mejor y tener un descanso más reparador.','2029-04-22 12:20:00','2029-04-22 13:20:00','Abierta',6,'Salud',52),(343,'Introducción a la robótica','Necesito una introducción básica a los principios y aplicaciones de la robótica en diferentes campos.','2029-05-10 10:00:00','2029-05-10 11:00:00','Abierta',5,'Tecnología',53),(344,'Cómo desarrollar habilidades de negociación','Quisiera aprender técnicas y estrategias para mejorar mis habilidades de negociación en diferentes situaciones.','2029-06-18 14:00:00','2029-06-18 15:00:00','Abierta',7,'Desarrollo Personal',54),(345,'Técnicas de animación digital','Busco tutoriales y consejos sobre cómo crear animaciones digitales utilizando software especializado.','2029-07-20 10:30:00','2029-07-20 11:30:00','Abierta',6,'Diseño',55),(346,'Cómo crear una estrategia de redes sociales','Quisiera aprender a diseñar una estrategia efectiva para redes sociales que ayude a aumentar la visibilidad de mi marca.','2029-08-12 15:00:00','2029-08-12 16:00:00','Abierta',8,'Marketing Digital',56),(347,'Historia de la literatura latinoamericana','Necesito información sobre los movimientos literarios y escritores más destacados en la literatura latinoamericana.','2029-09-05 13:10:00','2029-09-05 14:10:00','Abierta',7,'Literatura',57),(348,'Cómo escribir un libro de ficción','Busco consejos y recursos para escribir una novela de ficción desde el concepto inicial hasta la publicación.','2029-10-18 10:20:00','2029-10-18 11:20:00','Abierta',6,'Escritura',58),(349,'Principios básicos de la física cuántica','Necesito una introducción a los conceptos básicos de la física cuántica y sus implicaciones en la ciencia moderna.','2029-11-22 12:30:00','2029-11-22 13:30:00','Abierta',5,'Ciencia',59),(350,'Cómo mejorar la autoestima','Quisiera consejos prácticos para desarrollar una autoestima saludable y positiva.','2029-12-08 11:10:00','2029-12-08 12:10:00','Abierta',7,'Desarrollo Personal',1),(351,'Técnicas de edición de audio','Busco tutoriales y consejos sobre cómo editar audio de manera profesional para proyectos musicales y de producción.','2030-01-15 14:20:00','2030-01-15 15:20:00','Abierta',6,'Producción Audiovisual',2),(352,'Cómo iniciar un negocio de consultoría','Quisiera aprender a lanzar y gestionar una empresa de consultoría en mi área de especialización.','2030-02-20 12:15:00','2030-02-20 13:15:00','Abierta',8,'Emprendimiento',3),(353,'Historia de la arquitectura','Necesito información sobre los estilos arquitectónicos y arquitectos más importantes en la historia de la arquitectura.','2030-03-18 15:30:00','2030-03-18 16:30:00','Abierta',7,'Arquitectura',4),(354,'Cómo mejorar la salud emocional','Quisiera consejos y técnicas para manejar el estrés, la ansiedad y otras emociones difíciles de manera saludable.','2030-04-22 13:40:00','2030-04-22 14:40:00','Abierta',7,'Salud Mental',5),(355,'Técnicas de diseño de interfaces de usuario','Busco tutoriales y consejos sobre cómo diseñar interfaces de usuario intuitivas y atractivas.','2030-05-10 10:50:00','2030-05-10 11:50:00','Abierta',6,'Diseño',6),(356,'Cómo crear una estrategia de marketing de contenidos','Quisiera aprender a desarrollar una estrategia efectiva de marketing de contenidos para atraer y retener clientes.','2030-06-18 14:10:00','2030-06-18 15:10:00','Abierta',8,'Marketing Digital',7),(357,'Historia de la ciencia ficción','Necesito información sobre los autores y obras más destacados en el género de la ciencia ficción a lo largo de la historia.','2030-07-20 10:40:00','2030-07-20 11:40:00','Abierta',7,'Literatura',8),(358,'Cómo escribir un blog exitoso','Busco consejos prácticos sobre cómo crear contenido de calidad y aumentar la audiencia de mi blog.','2030-08-12 15:20:00','2030-08-12 16:20:00','Abierta',6,'Blogging',9),(359,'Principios básicos de la biología molecular','Necesito una introducción a los conceptos fundamentales de la biología molecular y su importancia en la investigación científica.','2030-09-05 13:30:00','2030-09-05 14:30:00','Abierta',5,'Ciencia',10),(360,'Cómo mejorar la comunicación en pareja','Quisiera consejos y técnicas para fortalecer la comunicación y resolver conflictos en mi relación de pareja.','2030-10-18 11:00:00','2030-10-18 12:00:00','Abierta',7,'Relaciones',11),(361,'Técnicas de animación 2D','Busco tutoriales y consejos sobre cómo crear animaciones bidimensionales utilizando software de animación.','2030-11-22 13:50:00','2030-11-22 14:50:00','Abierta',6,'Diseño',12),(362,'Cómo crear una estrategia de email marketing','Quisiera aprender a diseñar campañas de email marketing efectivas para mi negocio o proyecto.','2030-12-08 12:10:00','2030-12-08 13:10:00','Abierta',8,'Marketing Digital',13),(363,'Historia de la filosofía oriental','Necesito información sobre las principales corrientes filosóficas y pensadores en la filosofía oriental.','2031-01-15 14:30:00','2031-01-15 15:30:00','Abierta',7,'Filosofía',14),(364,'Cómo mejorar la concentración en el trabajo','Quisiera consejos prácticos para mantenerme concentrado y productivo durante la jornada laboral.','2031-02-20 10:20:00','2031-02-20 11:20:00','Abierta',6,'Desarrollo Personal',15),(365,'Técnicas de modelado y texturización 3D','Busco tutoriales y consejos sobre cómo crear modelos tridimensionales realistas y aplicar texturas.','2031-03-18 15:10:00','2031-03-18 16:10:00','Abierta',8,'Diseño',16),(366,'Cómo diseñar una estrategia de SEO','Quisiera aprender a optimizar mi sitio web para mejorar su posicionamiento en los motores de búsqueda.','2031-04-22 14:20:00','2031-04-22 15:20:00','Abierta',7,'Marketing Digital',17),(367,'Historia de la música pop','Necesito información sobre los géneros musicales, artistas y canciones más destacados en la historia de la música pop.','2031-05-10 13:40:00','2031-05-10 14:40:00','Abierta',6,'Música',18),(368,'Cómo escribir una novela gráfica','Busco consejos y recursos sobre cómo crear una novela gráfica desde el guion hasta la ilustración y la publicación.','2031-06-18 10:50:00','2031-06-18 11:50:00','Abierta',8,'Escritura',19),(369,'Principios básicos de la astronomía','Necesito una introducción a los conceptos fundamentales de la astronomía y la exploración del universo.','2031-07-20 14:15:00','2031-07-20 15:15:00','Abierta',7,'Ciencia',20),(370,'Cómo mejorar la inteligencia emocional','Quisiera consejos y ejercicios para desarrollar una mayor inteligencia emocional y mejorar mis relaciones interpersonales.','2031-08-12 11:30:00','2031-08-12 12:30:00','Abierta',6,'Desarrollo Personal',21),(371,'Técnicas de composición fotográfica','Busco consejos prácticos sobre cómo componer imágenes visualmente impactantes y equilibradas.','2031-09-05 15:00:00','2031-09-05 16:00:00','Abierta',8,'Fotografía',22),(372,'Cómo crear una estrategia de marketing de influencers','Quisiera aprender a colaborar con influencers para promocionar mi marca o producto de manera efectiva.','2031-10-18 14:40:00','2031-10-18 15:40:00','Abierta',7,'Marketing Digital',23),(373,'Historia del arte moderno','Necesito información sobre los movimientos artísticos y artistas más importantes en la historia del arte moderno.','2031-11-22 12:50:00','2031-11-22 13:50:00','Abierta',6,'Historia del Arte',24),(374,'Cómo mejorar la resolución de problemas','Quisiera consejos y técnicas para abordar problemas de manera efectiva y encontrar soluciones prácticas.','2031-12-08 10:10:00','2031-12-08 11:10:00','Abierta',8,'Desarrollo Personal',25),(375,'Técnicas de diseño de personajes','Busco tutoriales y consejos sobre cómo diseñar personajes para cómics, videojuegos o animaciones.','2032-01-15 15:20:00','2032-01-15 16:20:00','Abierta',7,'Diseño',26),(376,'Cómo crear una estrategia de marketing de contenido visual','Quisiera aprender a utilizar imágenes, videos y gráficos para mejorar mi estrategia de marketing de contenidos.','2032-02-20 13:30:00','2032-02-20 14:30:00','Abierta',6,'Marketing Digital',27),(377,'Historia de la filosofía medieval','Necesito información sobre los pensadores y corrientes filosóficas más destacados en la Edad Media.','2032-03-18 16:00:00','2032-03-18 17:00:00','Abierta',8,'Filosofía',28),(378,'Cómo mejorar la creatividad','Quisiera consejos y ejercicios para estimular mi creatividad y generar ideas innovadoras.','2032-04-22 15:10:00','2032-04-22 16:10:00','Abierta',7,'Desarrollo Personal',29),(379,'Técnicas de dibujo digital','Busco tutoriales y consejos sobre cómo dibujar y pintar digitalmente utilizando tabletas gráficas y software especializado.','2032-05-10 14:30:00','2032-05-10 15:30:00','Abierta',6,'Arte',30),(380,'Cómo crear una estrategia de marketing de contenidos interactivos','Quisiera aprender a desarrollar contenidos interactivos como infografías, quizzes y videos interactivos para mi marca.','2032-06-18 11:50:00','2032-06-18 12:50:00','Abierta',8,'Marketing Digital',31),(381,'Principios básicos de la geología','Necesito una introducción a los conceptos fundamentales de la geología y el estudio de la Tierra.','2032-07-20 15:20:00','2032-07-20 16:20:00','Abierta',7,'Ciencia',32),(382,'Técnicas de edición de fotografías','Busco tutoriales y consejos sobre cómo retocar y mejorar fotografías utilizando software de edición.','2032-09-05 16:00:00','2032-09-05 17:00:00','Abierta',8,'Fotografía',34),(383,'Cómo crear una estrategia de marketing de afiliación','Quisiera aprender a utilizar el marketing de afiliación para promocionar productos y ganar comisiones por ventas.','2032-10-18 13:20:00','2032-10-18 14:20:00','Abierta',7,'Marketing Digital',35),(384,'Historia de la psicología','Necesito información sobre los principales psicólogos y teorías psicológicas en la historia de la psicología.','2032-11-22 11:40:00','2032-11-22 12:40:00','Abierta',6,'Psicología',36),(385,'Cómo mejorar la toma de decisiones','Quisiera consejos y técnicas para tomar decisiones más acertadas en diferentes aspectos de mi vida.','2032-12-08 10:30:00','2032-12-08 11:30:00','Abierta',8,'Desarrollo Personal',37),(386,'Técnicas de ilustración vectorial','Busco tutoriales y consejos sobre cómo crear ilustraciones vectoriales utilizando software como Adobe Illustrator.','2033-01-15 14:50:00','2033-01-15 15:50:00','Abierta',7,'Diseño',38),(387,'Cómo crear una estrategia de marketing de eventos','Quisiera aprender a planificar y promocionar eventos para mi empresa o proyecto con el fin de aumentar la visibilidad y el compromiso.','2033-02-20 13:10:00','2033-02-20 14:10:00','Abierta',6,'Marketing Digital',39),(388,'Historia de la literatura española','Necesito información sobre los períodos literarios y escritores más destacados en la literatura española.','2033-03-18 16:20:00','2033-03-18 17:20:00','Abierta',8,'Literatura',40),(389,'Cómo mejorar la gestión del dinero','Quisiera consejos y estrategias para administrar mejor mis finanzas personales y alcanzar mis metas financieras.','2033-04-22 15:30:00','2033-04-22 16:30:00','Abierta',7,'Finanzas Personales',41),(390,'Técnicas de animación de personajes','Busco tutoriales y consejos sobre cómo dar vida a personajes animados mediante la animación.','2033-05-10 15:40:00','2033-05-10 16:40:00','Abierta',6,'Diseño',42),(391,'Cómo crear una estrategia de marketing de contenidos para SEO','Quisiera aprender a desarrollar contenido optimizado para motores de búsqueda con el fin de mejorar el posicionamiento de mi sitio web.','2033-06-18 12:00:00','2033-06-18 13:00:00','Abierta',8,'Marketing Digital',43),(392,'Principios básicos de la ecología','Necesito una introducción a los conceptos fundamentales de la ecología y su importancia en la conservación del medio ambiente.','2033-07-20 15:40:00','2033-07-20 16:40:00','Abierta',7,'Ciencia',44),(393,'Cómo mejorar la gestión del tiempo en el trabajo','Quisiera consejos y técnicas para aumentar mi productividad y eficiencia en el entorno laboral.','2033-08-12 13:00:00','2033-08-12 14:00:00','Abierta',6,'Desarrollo Personal',45),(394,'Técnicas de escultura','Busco tutoriales y consejos sobre cómo esculpir obras de arte tridimensionales utilizando diferentes materiales y técnicas.','2033-09-05 16:50:00','2033-09-05 17:50:00','Abierta',8,'Arte',46),(395,'Cómo crear una estrategia de marketing de contenidos para redes sociales','Quisiera aprender a desarrollar contenido atractivo y relevante para redes sociales con el fin de aumentar el compromiso y la comunidad.','2033-10-18 14:10:00','2033-10-18 15:10:00','Abierta',7,'Marketing Digital',47),(396,'Historia de la música clásica','Necesito información sobre los compositores, obras y estilos más importantes en la historia de la música clásica.','2033-11-22 13:20:00','2033-11-22 14:20:00','Abierta',6,'Música',48),(397,'Cómo mejorar la gestión del estrés laboral','Quisiera consejos prácticos para manejar el estrés y la presión en el trabajo de manera efectiva y saludable.','2033-12-08 11:40:00','2033-12-08 12:40:00','Abierta',8,'Salud Laboral',49),(398,'Técnicas de pintura al acrílico','Busco tutoriales y consejos sobre cómo pintar con acrílico y crear obras de arte expresivas y vibrantes.','2034-01-15 15:50:00','2034-01-15 16:50:00','Abierta',7,'Arte',50),(399,'Cómo crear una estrategia de marketing de contenidos para blogs','Quisiera aprender a desarrollar contenido de calidad y relevante para mi blog con el fin de atraer tráfico y aumentar la visibilidad.','2034-02-20 13:20:00','2034-02-20 14:20:00','Abierta',6,'Blogging',51),(400,'Principios básicos de la química orgánica','Necesito una introducción a los conceptos fundamentales de la química orgánica y sus aplicaciones en la vida cotidiana y la industria.','2034-03-18 16:40:00','2034-03-18 17:40:00','Abierta',5,'Ciencia',52),(401,'Cómo mejorar la comunicación intercultural','Quisiera consejos y técnicas para comunicarme de manera efectiva con personas de diferentes culturas y contextos.','2034-04-22 15:30:00','2034-04-22 16:30:00','Abierta',6,'Desarrollo Personal',53),(402,'Técnicas de diseño de logotipos','Busco tutoriales y consejos sobre cómo diseñar logotipos creativos y memorables para marcas y empresas.','2034-05-10 15:40:00','2034-05-10 16:40:00','Abierta',7,'Diseño',54),(403,'Cómo crear una estrategia de marketing de contenidos para YouTube','Quisiera aprender a desarrollar contenido atractivo y relevante para YouTube con el fin de aumentar mi audiencia y suscriptores.','2034-06-18 12:20:00','2034-06-18 13:20:00','Abierta',8,'Marketing Digital',55),(404,'Historia del cine de terror','Necesito información sobre las películas, directores y tendencias más importantes en el cine de terror a lo largo de la historia.','2034-07-20 15:50:00','2034-07-20 16:50:00','Abierta',7,'Cine',56),(405,'Cómo mejorar la gestión del cambio organizacional','Quisiera consejos y estrategias para liderar y gestionar procesos de cambio en organizaciones de manera efectiva.','2034-08-12 13:20:00','2034-08-12 14:20:00','Abierta',6,'Gestión Empresarial',57),(406,'Técnicas de escenografía teatral','Busco consejos prácticos sobre cómo diseñar y construir escenografías para producciones teatrales.','2034-09-05 17:00:00','2034-09-05 18:00:00','Abierta',8,'Teatro',58),(407,'Cómo crear una estrategia de marketing de contenidos para Instagram','Quisiera aprender a desarrollar contenido visual atractivo para Instagram con el fin de aumentar el compromiso y la visibilidad de mi marca.','2034-10-18 14:30:00','2034-10-18 15:30:00','Abierta',7,'Marketing Digital',59),(408,'Historia de la arqueología','Necesito información sobre los descubrimientos y métodos arqueológicos más importantes en la historia de la disciplina.','2034-11-22 14:00:00','2034-11-22 15:00:00','Abierta',6,'Arqueología',60),(409,'Cómo mejorar la gestión del trabajo en equipo','Quisiera consejos y técnicas para liderar y trabajar en equipos de manera efectiva y colaborativa.','2034-12-08 12:10:00','2034-12-08 13:10:00','Abierta',8,'Desarrollo Personal',61),(410,'Técnicas de maquillaje para cine y televisión','Busco tutoriales y consejos sobre cómo crear maquillajes realistas y creativos para producciones cinematográficas y televisivas.','2035-01-15 16:10:00','2035-01-15 17:10:00','Abierta',7,'Cine',62),(411,'Cómo crear una estrategia de marketing de contenidos para LinkedIn','Quisiera aprender a desarrollar contenido profesional y relevante para LinkedIn con el fin de mejorar mi perfil y conectar con mi red.','2035-02-20 14:20:00','2035-02-20 15:20:00','Abierta',6,'Marketing Digital',63),(412,'Principios básicos de la economía','Necesito una introducción a los conceptos fundamentales de la economía y su aplicación en el análisis de mercados y políticas económicas.','2035-03-18 17:30:00','2035-03-18 18:30:00','Abierta',8,'Economía',64),(413,'Cómo mejorar la gestión del conflicto','Quisiera consejos y estrategias para manejar conflictos de manera constructiva y llegar a soluciones beneficiosas para todas las partes involucradas.','2035-04-22 16:40:00','2035-04-22 17:40:00','Abierta',7,'Desarrollo Personal',65),(414,'Técnicas de narrativa audiovisual','Busco recursos y consejos sobre cómo contar historias de manera efectiva a través del medio audiovisual, incluyendo cine, televisión y videojuegos.','2035-05-10 16:50:00','2035-05-10 17:50:00','Abierta',6,'Cine',66),(415,'Cómo crear una estrategia de marketing de contenidos para Pinterest','Quisiera aprender a desarrollar contenido visual atractivo para Pinterest con el fin de aumentar el tráfico a mi sitio web o blog.','2035-06-18 13:30:00','2035-06-18 14:30:00','Abierta',8,'Marketing Digital',67),(416,'Historia de la fotografía','Necesito información sobre los fotógrafos y procesos técnicos más importantes en la historia de la fotografía.','2035-07-20 16:00:00','2035-07-20 17:00:00','Abierta',7,'Fotografía',68),(417,'Cómo mejorar la gestión del talento humano','Quisiera consejos y estrategias para reclutar, desarrollar y retener talento en mi organización.','2035-08-12 14:20:00','2035-08-12 15:20:00','Abierta',6,'Gestión Empresarial',69),(418,'Técnicas de dirección de actores','Busco recursos y consejos sobre cómo dirigir actores en producciones teatrales, cinematográficas y televisivas para obtener las mejores actuaciones.','2035-09-05 17:50:00','2035-09-05 18:50:00','Abierta',8,'Teatro',70),(419,'Cómo crear una estrategia de marketing de contenidos para TikTok','Quisiera aprender a desarrollar contenido creativo y entretenido para TikTok con el fin de aumentar mi audiencia y visibilidad en la plataforma.','2035-10-18 15:10:00','2035-10-18 16:10:00','Abierta',7,'Marketing Digital',71),(420,'Historia de la moda','Necesito información sobre las tendencias y diseñadores más importantes en la historia de la moda.','2035-11-22 14:30:00','2035-11-22 15:30:00','Abierta',6,'Moda',72),(421,'Cómo mejorar la gestión del liderazgo','Quisiera consejos y técnicas para convertirme en un líder más efectivo y motivador en mi ámbito profesional o personal.','2035-12-08 13:00:00','2035-12-08 14:00:00','Abierta',8,'Desarrollo Personal',73),(422,'Técnicas de improvisación teatral','Busco recursos y ejercicios para mejorar mis habilidades de improvisación y creatividad en el teatro.','2036-01-15 17:20:00','2036-01-15 18:20:00','Abierta',7,'Teatro',74),(423,'Cómo crear una estrategia de marketing de contenidos para podcasts','Quisiera aprender a desarrollar contenido interesante y relevante para podcasts con el fin de aumentar mi audiencia y participación.','2036-02-20 15:40:00','2036-02-20 16:40:00','Abierta',6,'Marketing Digital',75),(424,'Principios básicos de la sociología','Necesito una introducción a los conceptos fundamentales de la sociología y su aplicación en el análisis de la sociedad y las relaciones humanas.','2036-03-18 18:00:00','2036-03-18 19:00:00','Abierta',8,'Sociología',76),(425,'Cómo mejorar la gestión del rendimiento laboral','Quisiera consejos y estrategias para evaluar y mejorar el rendimiento de los empleados en mi organización.','2036-04-22 17:30:00','2036-04-22 18:30:00','Abierta',7,'Gestión Empresarial',77),(426,'Técnicas de grabación de audio','Busco consejos y recursos sobre cómo grabar audio de alta calidad para proyectos musicales, podcasts y producciones audiovisuales.','2036-05-10 17:40:00','2036-05-10 18:40:00','Abierta',6,'Producción Audiovisual',78),(427,'Cómo crear una estrategia de marketing de contenidos para ecommerce','Quisiera aprender a desarrollar contenido relevante y persuasivo para sitios web de comercio electrónico con el fin de aumentar las ventas y la fidelidad del cliente.','2036-06-18 14:00:00','2036-06-18 15:00:00','Abierta',8,'Marketing Digital',79),(428,'Historia del diseño gráfico','Necesito información sobre los movimientos y diseñadores más importantes en la historia del diseño gráfico y su impacto en la cultura visual.','2036-07-20 17:20:00','2036-07-20 18:20:00','Abierta',7,'Diseño',80),(429,'Cómo mejorar la gestión del cambio personal','Quisiera consejos y estrategias para adaptarme a los cambios en mi vida personal y alcanzar mis objetivos de manera efectiva.','2036-08-12 15:40:00','2036-08-12 16:40:00','Abierta',6,'Desarrollo Personal',81),(430,'Técnicas de producción musical','Busco tutoriales y consejos sobre cómo producir música en casa utilizando software de grabación y producción.','2036-09-05 18:00:00','2036-09-05 19:00:00','Abierta',8,'Música',82),(431,'Cómo crear una estrategia de marketing de contenidos para eventos','Quisiera aprender a desarrollar contenido promocional y informativo para eventos en vivo, conferencias y ferias comerciales.','2036-10-18 16:20:00','2036-10-18 17:20:00','Abierta',7,'Marketing Digital',83),(432,'Historia de la gastronomía','Necesito información sobre las tradiciones culinarias y chefs más importantes en la historia de la gastronomía.','2036-11-22 15:40:00','2036-11-22 16:40:00','Abierta',6,'Gastronomía',84),(433,'Cómo mejorar la gestión del conflicto interno','Quisiera consejos y técnicas para manejar conflictos internos y emocionales de manera constructiva y saludable.','2036-12-08 14:00:00','2036-12-08 15:00:00','Abierta',8,'Desarrollo Personal',85),(434,'Técnicas de diseño de packaging','Busco recursos y consejos sobre cómo diseñar envases atractivos y funcionales para productos de consumo.','2037-01-15 18:20:00','2037-01-15 19:20:00','Abierta',7,'Diseño',86),(435,'Cómo crear una estrategia de marketing de contenidos para aplicaciones móviles','Quisiera aprender a desarrollar contenido relevante y atractivo para aplicaciones móviles con el fin de aumentar las descargas y el compromiso del usuario.','2037-02-20 16:40:00','2037-02-20 17:40:00','Abierta',6,'Marketing Digital',87),(436,'Principios básicos de la antropología','Necesito una introducción a los conceptos fundamentales de la antropología y su aplicación en el estudio de la cultura y la sociedad.','2037-03-18 19:00:00','2037-03-18 20:00:00','Abierta',8,'Antropología',88),(437,'Cómo mejorar la gestión del conocimiento','Quisiera consejos y estrategias para gestionar el conocimiento de manera efectiva en mi organización y promover el aprendizaje continuo.','2037-04-22 18:30:00','2037-04-22 19:30:00','Abierta',7,'Gestión Empresarial',89),(438,'Técnicas de edición de video','Busco tutoriales y consejos sobre cómo editar videos de manera profesional utilizando software de edición como Adobe Premiere Pro y Final Cut Pro.','2037-05-10 18:40:00','2037-05-10 19:40:00','Abierta',6,'Producción Audiovisual',90),(439,'Cómo crear una estrategia de marketing de contenidos para blogs corporativos','Quisiera aprender a desarrollar contenido informativo y valioso para el blog de mi empresa con el fin de aumentar el tráfico y la autoridad en línea.','2037-06-18 15:00:00','2037-06-18 16:00:00','Abierta',8,'Marketing Digital',91),(440,'Historia del arte renacentista','Necesito información sobre los artistas, obras y movimientos más importantes en el Renacimiento.','2037-07-20 18:20:00','2037-07-20 19:20:00','Abierta',7,'Historia del Arte',92),(441,'Cómo mejorar la gestión del cambio organizacional','Quisiera consejos y estrategias para liderar y gestionar procesos de cambio en organizaciones de manera efectiva.','2037-08-12 16:40:00','2037-08-12 17:40:00','Abierta',6,'Gestión Empresarial',93),(442,'Cómo mejorar la gestión del cambio organizacional','Quisiera consejos y estrategias para liderar y gestionar procesos de cambio en organizaciones de manera efectiva.','2037-08-12 16:40:00','2037-08-12 17:40:00','Abierta',6,'Gestión Empresarial',93),(443,'Técnicas de composición musical','Busco recursos y consejos sobre cómo componer música en diferentes géneros y estilos, incluyendo música para cine, televisión y videojuegos.','2037-09-05 19:00:00','2037-09-05 20:00:00','Abierta',8,'Música',94),(444,'Cómo crear una estrategia de marketing de contenidos para redes sociales corporativas','Quisiera aprender a desarrollar contenido relevante y atractivo para las redes sociales de mi empresa con el fin de aumentar la visibilidad y el compromiso del cliente.','2037-10-18 17:20:00','2037-10-18 18:20:00','Abierta',7,'Marketing Digital',95),(445,'Historia de la literatura inglesa','Necesito información sobre los períodos literarios, autores y obras más destacados en la literatura inglesa.','2037-11-22 16:40:00','2037-11-22 17:40:00','Abierta',6,'Literatura',96),(446,'Cómo mejorar la gestión del tiempo en el estudio','Quisiera consejos y técnicas para administrar mejor mi tiempo y aumentar mi productividad en el estudio.','2037-12-08 15:00:00','2037-12-08 16:00:00','Abierta',8,'Desarrollo Personal',97),(447,'Técnicas de dirección de fotografía','Busco recursos y consejos sobre cómo dirigir la fotografía en producciones cinematográficas y televisivas para lograr la estética y el ambiente deseados.','2038-01-15 19:20:00','2038-01-15 20:20:00','Abierta',7,'Cine',98),(448,'Cómo crear una estrategia de marketing de contenidos para newsletters','Quisiera aprender a desarrollar contenido valioso y atractivo para newsletters con el fin de aumentar la participación y el compromiso de los suscriptores.','2038-02-20 17:40:00','2038-02-20 18:40:00','Abierta',6,'Marketing Digital',99),(449,'Principios básicos de la psicología del desarrollo','Necesito una introducción a los conceptos fundamentales de la psicología del desarrollo y su aplicación en el entendimiento del crecimiento y cambio humano.','2038-03-18 20:00:00','2038-03-18 21:00:00','Abierta',8,'Psicología',100),(450,'Cómo mejorar la gestión del cambio en la vida personal','Quisiera consejos y estrategias para afrontar cambios importantes en mi vida personal y adaptarme a nuevas circunstancias.','2038-04-22 19:30:00','2038-04-22 20:30:00','Abierta',7,'Desarrollo Personal',101),(451,'Técnicas de ilustración digital','Busco tutoriales y consejos sobre cómo crear ilustraciones digitales utilizando software de diseño como Adobe Photoshop y Procreate.','2038-05-10 19:40:00','2038-05-10 20:40:00','Abierta',6,'Diseño',102),(452,'Cómo crear una estrategia de marketing de contenidos para cursos en línea','Quisiera aprender a desarrollar contenido educativo y atractivo para cursos en línea con el fin de aumentar la participación y el aprendizaje de los estudiantes.','2038-06-18 16:00:00','2038-06-18 17:00:00','Abierta',8,'Educación en línea',103),(453,'Historia de la filosofía antigua','Necesito información sobre los pensadores y escuelas filosóficas más importantes en la antigua Grecia y Roma.','2038-07-20 19:20:00','2038-07-20 20:20:00','Abierta',7,'Filosofía',104),(454,'Cómo mejorar la gestión del cambio en las organizaciones sin fines de lucro','Quisiera consejos y estrategias para liderar procesos de cambio en organizaciones sin fines de lucro de manera efectiva y sensible.','2038-08-12 17:40:00','2038-08-12 18:40:00','Abierta',6,'Gestión Empresarial',105),(455,'Técnicas de animación 3D','Busco recursos y consejos sobre cómo crear animaciones tridimensionales utilizando software de animación como Blender y Maya.','2038-09-05 20:00:00','2038-09-05 21:00:00','Abierta',8,'Animación',106),(456,'Cómo crear una estrategia de marketing de contenidos para empresas B2B','Quisiera aprender a desarrollar contenido relevante y atractivo para empresas B2B con el fin de generar leads y cerrar ventas.','2038-10-18 18:20:00','2038-10-18 19:20:00','Abierta',7,'Marketing Digital',107),(457,'Principios básicos de la astronomía','Necesito una introducción a los conceptos fundamentales de la astronomía y la exploración del espacio.','2038-11-22 17:40:00','2038-11-22 18:40:00','Abierta',6,'Ciencia',108),(458,'Cómo mejorar la gestión del tiempo en el hogar','Quisiera consejos y técnicas para administrar mejor mi tiempo y aumentar mi productividad en las tareas del hogar.','2038-12-08 16:00:00','2038-12-08 17:00:00','Abierta',8,'Desarrollo Personal',109),(459,'Técnicas de guionismo','Busco recursos y consejos sobre cómo escribir guiones para cine, televisión y otros medios audiovisuales.','2039-01-15 20:20:00','2039-01-15 21:20:00','Abierta',7,'Cine',110),(460,'Cómo crear una estrategia de marketing de contenidos para startups','Quisiera aprender a desarrollar contenido relevante y atractivo para startups con el fin de generar interés y financiamiento.','2039-02-20 18:40:00','2039-02-20 19:40:00','Abierta',6,'Marketing Digital',111),(461,'Historia de la música clásica','Necesito información sobre los compositores, obras y períodos más importantes en la historia de la música clásica.','2039-03-18 21:00:00','2039-03-18 22:00:00','Abierta',8,'Música',112),(462,'Cómo mejorar la gestión del estrés','Quisiera consejos y técnicas para manejar el estrés de manera efectiva y mantener un equilibrio saludable en mi vida.','2039-04-22 20:30:00','2039-04-22 21:30:00','Abierta',7,'Desarrollo Personal',113),(463,'Técnicas de pintura al óleo','Busco tutoriales y consejos sobre cómo pintar al óleo, incluyendo técnicas de mezcla de colores, aplicación de capas y composición.','2039-05-10 20:40:00','2039-05-10 21:40:00','Abierta',6,'Arte',114),(464,'Cómo crear una estrategia de marketing de contenidos para artistas','Quisiera aprender a desarrollar contenido promocional y creativo para promover mi trabajo artístico en línea y fuera de línea.','2039-06-18 17:00:00','2039-06-18 18:00:00','Abierta',8,'Marketing Digital',115),(465,'Historia de la psicología','Necesito información sobre los principales teóricos, enfoques y experimentos en la historia de la psicología.','2039-07-20 20:20:00','2039-07-20 21:20:00','Abierta',7,'Psicología',116),(466,'Cómo mejorar la gestión del cambio en equipos virtuales','Quisiera consejos y estrategias para liderar procesos de cambio en equipos virtuales de manera efectiva y colaborativa.','2039-08-12 18:40:00','2039-08-12 19:40:00','Abierta',6,'Gestión Empresarial',117),(467,'Técnicas de escultura','Busco recursos y consejos sobre cómo esculpir en diferentes medios, incluyendo arcilla, madera y piedra.','2039-09-05 21:00:00','2039-09-05 22:00:00','Abierta',8,'Arte',118),(468,'Cómo crear una estrategia de marketing de contenidos para ONGs','Quisiera aprender a desarrollar contenido persuasivo y conmovedor para organizaciones sin fines de lucro con el fin de aumentar el apoyo y la conciencia.','2039-10-18 19:20:00','2039-10-18 20:20:00','Abierta',7,'Marketing Digital',119),(469,'Principios básicos de la biología molecular','Necesito una introducción a los conceptos fundamentales de la biología molecular y su aplicación en la investigación y la medicina.','2039-11-22 18:40:00','2039-11-22 19:40:00','Abierta',6,'Biología',120),(470,'Cómo mejorar la gestión del cambio en entornos multiculturales','Quisiera consejos y estrategias para liderar procesos de cambio en entornos multiculturales de manera inclusiva y respetuosa.','2039-12-08 17:00:00','2039-12-08 18:00:00','Abierta',8,'Desarrollo Personal',121),(471,'Técnicas de diseño de personajes','Busco recursos y consejos sobre cómo diseñar personajes para cómics, animaciones y videojuegos.','2040-01-15 21:20:00','2040-01-15 22:20:00','Abierta',7,'Diseño',122),(472,'Cómo crear una estrategia de marketing de contenidos para productos de belleza','Quisiera aprender a desarrollar contenido atractivo y persuasivo para productos de belleza con el fin de aumentar las ventas y la lealtad del cliente.','2040-02-20 19:40:00','2040-02-20 20:40:00','Abierta',6,'Marketing Digital',123),(473,'Historia de la física','Necesito información sobre los principales descubrimientos, científicos y teorías en la historia de la física.','2040-03-18 22:00:00','2040-03-18 23:00:00','Abierta',8,'Ciencia',124),(474,'Cómo mejorar la gestión del cambio en la educación','Quisiera consejos y estrategias para liderar procesos de cambio en instituciones educativas de manera efectiva y centrada en el estudiante.','2040-04-22 21:30:00','2040-04-22 22:30:00','Abierta',7,'Educación',125),(475,'Técnicas de fotografía de paisajes','Busco recursos y consejos sobre cómo capturar la belleza de los paisajes naturales a través de la fotografía.','2040-05-10 21:40:00','2040-05-10 22:40:00','Abierta',6,'Fotografía',126),(476,'Cómo crear una estrategia de marketing de contenidos para restaurantes','Quisiera aprender a desarrollar contenido atractivo y apetitoso para restaurantes con el fin de atraer clientes y aumentar las reservas.','2040-06-18 18:00:00','2040-06-18 19:00:00','Abierta',8,'Marketing Digital',127),(477,'Historia de la medicina','Necesito información sobre los hitos, figuras y avances más importantes en la historia de la medicina.','2040-07-20 21:20:00','2040-07-20 22:20:00','Abierta',7,'Medicina',128),(478,'Cómo mejorar la gestión del cambio en equipos de investigación','Quisiera consejos y estrategias para liderar procesos de cambio en equipos de investigación científica de manera eficiente y colaborativa.','2040-08-12 19:40:00','2040-08-12 20:40:00','Abierta',6,'Investigación',129),(479,'Técnicas de diseño de logotipos','Busco recursos y consejos sobre cómo diseñar logotipos memorables y efectivos para marcas y empresas.','2040-09-05 22:00:00','2040-09-05 23:00:00','Abierta',8,'Diseño',130),(480,'Cómo crear una estrategia de marketing de contenidos para empresas de tecnología','Quisiera aprender a desarrollar contenido técnico y relevante para empresas de tecnología con el fin de atraer a clientes y socios.','2040-10-18 20:20:00','2040-10-18 21:20:00','Abierta',7,'Marketing Digital',131),(481,'Principios básicos de la ecología','Necesito una introducción a los conceptos fundamentales de la ecología y su aplicación en la conservación del medio ambiente.','2040-11-22 19:40:00','2040-11-22 20:40:00','Abierta',6,'Ecología',132),(482,'Cómo mejorar la gestión del cambio en el sector salud','Quisiera consejos y estrategias para liderar procesos de cambio en el sector salud de manera efectiva y centrada en el paciente.','2040-12-08 18:00:00','2040-12-08 19:00:00','Abierta',8,'Medicina',133),(483,'Técnicas de edición de fotografía','Busco tutoriales y consejos sobre cómo editar fotografías de manera profesional utilizando software como Adobe Photoshop y Lightroom.','2041-01-15 22:20:00','2041-01-15 23:20:00','Abierta',7,'Fotografía',134),(484,'Cómo crear una estrategia de marketing de contenidos para empresas de viajes','Quisiera aprender a desarrollar contenido inspirador y útil para empresas de viajes con el fin de atraer a turistas y viajeros.','2041-02-20 20:40:00','2041-02-20 21:40:00','Abierta',6,'Marketing Digital',135),(485,'Historia de la arquitectura','Necesito información sobre los estilos, arquitectos y obras más importantes en la historia de la arquitectura.','2041-03-18 23:00:00','2041-03-18 00:00:00','Abierta',8,'Arquitectura',136),(486,'Cómo mejorar la gestión del cambio en el sector financiero','Quisiera consejos y estrategias para liderar procesos de cambio en el sector financiero de manera efectiva y enfocada en el cliente.','2041-04-22 22:30:00','2041-04-22 23:30:00','Abierta',7,'Finanzas',137),(487,'Técnicas de animación 2D','Busco recursos y consejos sobre cómo crear animaciones en dos dimensiones utilizando software de animación como Adobe Animate y Toon Boom Harmony.','2041-05-10 22:40:00','2041-05-10 23:40:00','Abierta',6,'Animación',138),(488,'Cómo crear una estrategia de marketing de contenidos para productos de moda','Quisiera aprender a desarrollar contenido atractivo y de moda para promocionar productos de moda y estilo de vida.','2041-06-18 19:00:00','2041-06-18 20:00:00','Abierta',8,'Moda',139),(489,'Historia de la política','Necesito información sobre los sistemas políticos, movimientos y líderes más importantes en la historia de la política.','2041-07-20 22:20:00','2041-07-20 23:20:00','Abierta',7,'Ciencias Políticas',140),(490,'Cómo mejorar la gestión del cambio en el sector tecnológico','Quisiera consejos y estrategias para liderar procesos de cambio en empresas del sector tecnológico de manera ágil e innovadora.','2041-08-12 20:40:00','2041-08-12 21:40:00','Abierta',6,'Tecnología',141),(491,'Cómo mejorar la gestión del cambio en el sector tecnológico','Quisiera consejos y estrategias para liderar procesos de cambio en empresas del sector tecnológico de manera ágil e innovadora.','2041-08-12 20:40:00','2041-08-12 21:40:00','Abierta',6,'Tecnología',141),(492,'Técnicas de narración de cuentos','Busco recursos y consejos sobre cómo desarrollar habilidades de narración para contar historias de manera cautivadora y persuasiva.','2041-09-05 23:00:00','2041-09-05 00:00:00','Abierta',8,'Arte',142),(493,'Cómo crear una estrategia de marketing de contenidos para empresas de alimentos y bebidas','Quisiera aprender a desarrollar contenido atractivo y apetitoso para empresas de alimentos y bebidas con el fin de aumentar las ventas y la fidelidad del cliente.','2041-10-18 21:20:00','2041-10-18 22:20:00','Abierta',7,'Marketing Digital',143),(494,'Principios básicos de la sociología','Necesito una introducción a los conceptos fundamentales de la sociología y su aplicación en el estudio de la sociedad y la cultura.','2041-11-22 20:40:00','2041-11-22 21:40:00','Abierta',6,'Sociología',144),(495,'Cómo mejorar la gestión del cambio en el sector de recursos humanos','Quisiera consejos y estrategias para liderar procesos de cambio en el departamento de recursos humanos de manera efectiva y centrada en el talento.','2041-12-08 20:00:00','2041-12-08 21:00:00','Abierta',8,'Recursos Humanos',145),(496,'Técnicas de marketing de influencers','Busco recursos y consejos sobre cómo colaborar con influencers para promocionar productos y servicios de manera efectiva en las redes sociales.','2042-01-15 23:20:00','2042-01-16 00:20:00','Abierta',7,'Marketing Digital',146),(497,'Cómo crear una estrategia de marketing de contenidos para empresas de deportes','Quisiera aprender a desarrollar contenido emocionante y motivador para empresas de deportes con el fin de aumentar la participación y el compromiso del público.','2042-02-20 21:40:00','2042-02-20 22:40:00','Abierta',6,'Marketing Digital',147),(498,'Historia de la literatura universal','Necesito información sobre los movimientos literarios, autores y obras más importantes en la historia de la literatura mundial.','2042-03-18 00:00:00','2042-03-18 01:00:00','Abierta',8,'Literatura',148),(499,'Cómo mejorar la gestión del cambio en el sector de la construcción','Quisiera consejos y estrategias para liderar procesos de cambio en proyectos de construcción de manera eficiente y segura.','2042-04-22 23:30:00','2042-04-23 00:30:00','Abierta',7,'Construcción',149),(500,'Técnicas de marketing de contenido visual','Busco recursos y consejos sobre cómo crear contenido visual atractivo y persuasivo para marketing en redes sociales y sitios web.','2042-05-10 23:40:00','2042-05-11 00:40:00','Abierta',6,'Marketing Digital',150),(501,'Cómo crear una estrategia de marketing de contenidos para empresas de bienes raíces','Quisiera aprender a desarrollar contenido informativo y convincente para empresas de bienes raíces con el fin de atraer clientes y cerrar ventas.','2042-06-18 20:00:00','2042-06-18 21:00:00','Abierta',8,'Marketing Digital',151),(502,'Historia de la música popular','Necesito información sobre los géneros musicales, artistas y tendencias más importantes en la historia de la música popular.','2042-07-20 23:20:00','2042-07-21 00:20:00','Abierta',7,'Música',152),(503,'Cómo mejorar la gestión del cambio en el sector de la energía','Quisiera consejos y estrategias para liderar procesos de cambio en empresas del sector energético de manera sostenible y eficiente.','2042-08-12 21:40:00','2042-08-12 22:40:00','Abierta',6,'Energía',153),(504,'Técnicas de escritura de guiones para videojuegos','Busco recursos y consejos sobre cómo escribir guiones interactivos y atractivos para videojuegos de diferentes géneros y plataformas.','2042-09-05 00:00:00','2042-09-05 01:00:00','Abierta',8,'Videojuegos',154),(505,'Cómo crear una estrategia de marketing de contenidos para empresas de software','Quisiera aprender a desarrollar contenido técnico y persuasivo para empresas de software con el fin de atraer a clientes y desarrolladores.','2042-10-18 22:20:00','2042-10-18 23:20:00','Abierta',7,'Marketing Digital',155),(506,'Principios básicos de la antropología cultural','Necesito una introducción a los conceptos fundamentales de la antropología cultural y su aplicación en el estudio de las sociedades humanas.','2042-11-22 21:40:00','2042-11-22 22:40:00','Abierta',6,'Antropología',156),(507,'Cómo mejorar la gestión del cambio en el sector retail','Quisiera consejos y estrategias para liderar procesos de cambio en empresas del sector retail de manera innovadora y centrada en el cliente.','2042-12-08 21:00:00','2042-12-08 22:00:00','Abierta',8,'Comercio Minorista',157),(508,'Cómo mejorar la gestión del cambio en el sector retail','Quisiera consejos y estrategias para liderar procesos de cambio en empresas del sector retail de manera innovadora y centrada en el cliente.','2042-12-08 21:00:00','2042-12-08 22:00:00','Abierta',8,'Comercio Minorista',157),(509,'Técnicas de marketing de contenidos para redes sociales','Busco consejos y estrategias sobre cómo crear contenido efectivo y atractivo para redes sociales para aumentar el compromiso y la visibilidad de la marca.','2043-01-15 23:20:00','2043-01-16 00:20:00','Abierta',7,'Marketing Digital',158),(510,'Cómo crear una estrategia de marketing de contenidos para empresas de salud y bienestar','Quisiera aprender a desarrollar contenido informativo y motivador para empresas de salud y bienestar con el fin de educar y atraer a clientes.','2043-02-20 21:40:00','2043-02-20 22:40:00','Abierta',6,'Marketing Digital',159),(511,'Historia del cine','Necesito información sobre los hitos, directores y películas más importantes en la historia del cine.','2043-03-18 00:00:00','2043-03-18 01:00:00','Abierta',8,'Cine',160),(512,'Cómo mejorar la gestión del cambio en el sector manufacturero','Quisiera consejos y estrategias para liderar procesos de cambio en empresas del sector manufacturero de manera eficiente y adaptable.','2043-04-22 23:30:00','2043-04-23 00:30:00','Abierta',7,'Manufactura',161),(513,'Técnicas de marketing de contenidos para blogs','Busco recursos y consejos sobre cómo crear contenido valioso y atractivo para blogs con el fin de aumentar el tráfico y la participación de los lectores.','2043-05-10 23:40:00','2043-05-11 00:40:00','Abierta',6,'Marketing Digital',162),(514,'Cómo crear una estrategia de marketing de contenidos para empresas de educación','Quisiera aprender a desarrollar contenido educativo y atractivo para empresas de educación con el fin de atraer a estudiantes y profesores.','2043-06-18 20:00:00','2043-06-18 21:00:00','Abierta',8,'Marketing Digital',163),(515,'Historia del arte','Necesito información sobre los movimientos artísticos, artistas y obras más importantes en la historia del arte.','2043-07-20 23:20:00','2043-07-21 00:20:00','Abierta',7,'Arte',164),(516,'Cómo mejorar la gestión del cambio en el sector automotriz','Quisiera consejos y estrategias para liderar procesos de cambio en empresas del sector automotriz de manera ágil y orientada a la innovación.','2043-08-12 21:40:00','2043-08-12 22:40:00','Abierta',6,'Automotriz',165),(517,'Técnicas de marketing de contenidos para eCommerce','Busco recursos y consejos sobre cómo crear contenido persuasivo y atractivo para tiendas en línea con el fin de aumentar las ventas y la fidelidad del cliente.','2043-09-05 00:00:00','2043-09-05 01:00:00','Abierta',8,'Marketing Digital',166),(518,'Cómo crear una estrategia de marketing de contenidos para empresas de finanzas','Quisiera aprender a desarrollar contenido informativo y confiable para empresas de finanzas con el fin de educar y atraer a clientes e inversores.','2043-10-18 22:20:00','2043-10-18 23:20:00','Abierta',7,'Marketing Digital',167),(519,'Principios básicos de la economía','Necesito una introducción a los conceptos fundamentales de la economía y su aplicación en el estudio de la producción, distribución y consumo de bienes y servicios.','2043-11-22 21:40:00','2043-11-22 22:40:00','Abierta',6,'Economía',168),(520,'Cómo mejorar la gestión del cambio en el sector turístico','Quisiera consejos y estrategias para liderar procesos de cambio en empresas del sector turístico de manera innovadora y centrada en la experiencia del cliente.','2043-12-08 21:00:00','2043-12-08 22:00:00','Abierta',8,'Turismo',169),(521,'Técnicas de marketing de contenidos para startups','Busco recursos y consejos sobre cómo crear contenido atractivo y valioso para startups con el fin de atraer inversores y usuarios.','2044-01-15 23:20:00','2044-01-16 00:20:00','Abierta',7,'Marketing Digital',170),(522,'Cómo crear una estrategia de marketing de contenidos para empresas de tecnología','Quisiera aprender a desarrollar contenido técnico y persuasivo para empresas de tecnología con el fin de atraer a clientes y desarrolladores.','2044-02-20 21:40:00','2044-02-20 22:40:00','Abierta',6,'Marketing Digital',171),(523,'Historia de la moda','Necesito información sobre los estilos, diseñadores y tendencias más importantes en la historia de la moda.','2044-03-18 00:00:00','2044-03-18 01:00:00','Abierta',8,'Moda',172),(524,'Cómo mejorar la gestión del cambio en el sector alimentario','Quisiera consejos y estrategias para liderar procesos de cambio en empresas del sector alimentario de manera sostenible y orientada a la salud.','2044-04-22 23:30:00','2044-04-23 00:30:00','Abierta',7,'Alimentación',173),(525,'Técnicas de marketing de contenidos para empresas de consultoría','Busco recursos y consejos sobre cómo crear contenido relevante y persuasivo para empresas de consultoría con el fin de atraer clientes y establecer autoridad en el campo.','2044-05-10 23:40:00','2044-05-11 00:40:00','Abierta',6,'Marketing Digital',174),(526,'Cómo crear una estrategia de marketing de contenidos para empresas de moda','Quisiera aprender a desarrollar contenido creativo y atractivo para empresas de moda con el fin de aumentar la visibilidad y las ventas de la marca.','2044-06-18 20:00:00','2044-06-18 21:00:00','Abierta',8,'Moda',175),(527,'Historia de la gastronomía','Necesito información sobre los orígenes, evolución y platos más representativos en la historia de la gastronomía mundial.','2044-07-20 23:20:00','2044-07-21 00:20:00','Abierta',7,'Gastronomía',176),(528,'Cómo mejorar la gestión del cambio en el sector farmacéutico','Quisiera consejos y estrategias para liderar procesos de cambio en empresas del sector farmacéutico de manera eficiente y centrada en el paciente.','2044-08-12 21:40:00','2044-08-12 22:40:00','Abierta',6,'Farmacéutico',177),(529,'Técnicas de marketing de contenidos para pequeñas empresas','Busco recursos y consejos sobre cómo desarrollar una estrategia de marketing de contenidos efectiva para pequeñas empresas con presupuestos limitados.','2044-09-05 00:00:00','2044-09-05 01:00:00','Abierta',8,'Marketing Digital',178),(530,'Cómo crear una estrategia de marketing de contenidos para empresas de viajes','Quisiera aprender a desarrollar contenido inspirador y útil para empresas de viajes con el fin de atraer a turistas y viajeros.','2044-10-18 22:20:00','2044-10-18 23:20:00','Abierta',7,'Marketing Digital',179),(531,'Principios básicos de la psicología','Necesito una introducción a los conceptos fundamentales de la psicología y su aplicación en el estudio del comportamiento humano y el bienestar mental.','2044-11-22 21:40:00','2044-11-22 22:40:00','Abierta',6,'Psicología',180),(532,'Cómo mejorar la gestión del cambio en el sector inmobiliario','Quisiera consejos y estrategias para liderar procesos de cambio en el sector inmobiliario de manera innovadora y centrada en las necesidades del cliente.','2044-12-08 21:00:00','2044-12-08 22:00:00','Abierta',8,'Bienes Raíces',181),(533,'Técnicas de marketing de contenidos para empresas de tecnología','Busco recursos y consejos sobre cómo crear contenido técnico y persuasivo para empresas de tecnología con el fin de atraer a clientes y desarrolladores.','2045-01-15 23:20:00','2045-01-16 00:20:00','Abierta',7,'Marketing Digital',182),(534,'Cómo crear una estrategia de marketing de contenidos para empresas de alimentos y bebidas','Quisiera aprender a desarrollar contenido atractivo y apetitoso para empresas de alimentos y bebidas con el fin de aumentar las ventas y la fidelidad del cliente.','2045-02-20 21:40:00','2045-02-20 22:40:00','Abierta',6,'Marketing Digital',183),(535,'Historia de la música clásica','Necesito información sobre los compositores, obras y períodos más importantes en la historia de la música clásica.','2045-03-18 00:00:00','2045-03-18 01:00:00','Abierta',8,'Música',184),(536,'Cómo mejorar la gestión del cambio en el sector educativo','Quisiera consejos y estrategias para liderar procesos de cambio en instituciones educativas de manera efectiva y centrada en el estudiante.','2045-04-22 23:30:00','2045-04-23 00:30:00','Abierta',7,'Educación',185),(537,'Técnicas de marketing de contenidos para empresas de servicios profesionales','Busco recursos y consejos sobre cómo desarrollar contenido relevante y persuasivo para empresas de servicios profesionales con el fin de atraer a clientes y establecer autoridad en el campo.','2045-05-10 23:40:00','2045-05-11 00:40:00','Abierta',6,'Marketing Digital',186),(538,'Cómo crear una estrategia de marketing de contenidos para empresas de entretenimiento','Quisiera aprender a desarrollar contenido emocionante y atractivo para empresas de entretenimiento con el fin de atraer y retener audiencias.','2045-06-18 20:00:00','2045-06-18 21:00:00','Abierta',8,'Entretenimiento',187),(539,'Historia de la filosofía','Necesito información sobre los filósofos, corrientes de pensamiento y obras más importantes en la historia de la filosofía.','2045-07-20 23:20:00','2045-07-21 00:20:00','Abierta',7,'Filosofía',188),(540,'Cómo mejorar la gestión del cambio en el sector de la moda','Quisiera consejos y estrategias para liderar procesos de cambio en empresas del sector de la moda de manera innovadora y centrada en las tendencias y el cliente.','2045-08-12 21:40:00','2045-08-12 22:40:00','Abierta',6,'Moda',189),(541,'Técnicas de marketing de contenidos para empresas de viajes y turismo','Busco recursos y consejos sobre cómo crear contenido inspirador y útil para empresas de viajes y turismo con el fin de atraer a turistas y viajeros.','2045-09-05 00:00:00','2045-09-05 01:00:00','Abierta',8,'Marketing Digital',190),(542,'Cómo crear una estrategia de marketing de contenidos para empresas de tecnología','Quisiera aprender a desarrollar contenido técnico y persuasivo para empresas de tecnología con el fin de atraer a clientes y desarrolladores.','2045-10-18 22:20:00','2045-10-18 23:20:00','Abierta',7,'Marketing Digital',191),(543,'Historia de la arquitectura moderna','Necesito información sobre los movimientos, arquitectos y obras más importantes en la historia de la arquitectura moderna.','2045-11-22 21:40:00','2045-11-22 22:40:00','Abierta',6,'Arquitectura',192),(544,'Cómo mejorar la gestión del cambio en el sector de la salud','Quisiera consejos y estrategias para liderar procesos de cambio en empresas del sector de la salud de manera eficiente y centrada en el paciente.','2045-12-08 21:00:00','2045-12-08 22:00:00','Abierta',8,'Salud',193),(545,'Técnicas de marketing de contenidos para empresas de moda','Busco recursos y consejos sobre cómo crear contenido creativo y atractivo para empresas de moda con el fin de aumentar la visibilidad y las ventas de la marca.','2046-01-15 23:20:00','2046-01-16 00:20:00','Abierta',7,'Marketing Digital',194),(546,'Cómo crear una estrategia de marketing de contenidos para empresas de alimentos y bebidas','Quisiera aprender a desarrollar contenido atractivo y apetitoso para empresas de alimentos y bebidas con el fin de aumentar las ventas y la fidelidad del cliente.','2046-02-20 21:40:00','2046-02-20 22:40:00','Abierta',6,'Marketing Digital',195),(547,'Historia del arte contemporáneo','Necesito información sobre los movimientos artísticos, artistas y obras más importantes en la historia del arte contemporáneo.','2046-03-18 00:00:00','2046-03-18 01:00:00','Abierta',8,'Arte',196),(548,'Cómo mejorar la gestión del cambio en el sector de la educación','Quisiera consejos y estrategias para liderar procesos de cambio en instituciones educativas de manera efectiva y centrada en el estudiante.','2046-04-22 23:30:00','2046-04-23 00:30:00','Abierta',7,'Educación',197),(549,'Técnicas de marketing de contenidos para empresas de tecnología','Busco recursos y consejos sobre cómo crear contenido técnico y persuasivo para empresas de tecnología con el fin de atraer a clientes y desarrolladores.','2046-05-10 23:40:00','2046-05-11 00:40:00','Abierta',6,'Marketing Digital',198),(550,'Cómo crear una estrategia de marketing de contenidos para empresas de viajes','Quisiera aprender a desarrollar contenido inspirador y útil para empresas de viajes con el fin de atraer a turistas y viajeros.','2046-06-18 20:00:00','2046-06-18 21:00:00','Abierta',8,'Marketing Digital',199),(551,'Historia de la filosofía','Necesito información sobre los filósofos, corrientes de pensamiento y obras más importantes en la historia de la filosofía.','2046-07-20 23:20:00','2046-07-21 00:20:00','Abierta',7,'Filosofía',200),(552,'Cómo mejorar la gestión del cambio en el sector de la moda','Quisiera consejos y estrategias para liderar procesos de cambio en empresas del sector de la moda de manera innovadora y centrada en las tendencias y el cliente.','2046-08-12 21:40:00','2046-08-12 22:40:00','Abierta',6,'Moda',201),(553,'Técnicas de marketing de contenidos para empresas de viajes y turismo','Busco recursos y consejos sobre cómo crear contenido inspirador y útil para empresas de viajes y turismo con el fin de atraer a turistas y viajeros.','2046-09-05 00:00:00','2046-09-05 01:00:00','Abierta',8,'Marketing Digital',202),(554,'Cómo crear una estrategia de marketing de contenidos para empresas de tecnología','Quisiera aprender a desarrollar contenido técnico y persuasivo para empresas de tecnología con el fin de atraer a clientes y desarrolladores.','2046-10-18 22:20:00','2046-10-18 23:20:00','Abierta',7,'Marketing Digital',203),(555,'Historia de la arquitectura moderna','Necesito información sobre los movimientos, arquitectos y obras más importantes en la historia de la arquitectura moderna.','2046-11-22 21:40:00','2046-11-22 22:40:00','Abierta',6,'Arquitectura',204),(556,'Cómo mejorar la gestión del cambio en el sector de la salud','Quisiera consejos y estrategias para liderar procesos de cambio en empresas del sector de la salud de manera eficiente y centrada en el paciente.','2046-12-08 21:00:00','2046-12-08 22:00:00','Abierta',8,'Salud',205),(557,'Técnicas de marketing de contenidos para empresas de moda','Busco recursos y consejos sobre cómo crear contenido creativo y atractivo para empresas de moda con el fin de aumentar la visibilidad y las ventas de la marca.','2047-01-15 23:20:00','2047-01-16 00:20:00','Abierta',7,'Marketing Digital',206),(558,'Cómo crear una estrategia de marketing de contenidos para empresas de alimentos y bebidas','Quisiera aprender a desarrollar contenido atractivo y apetitoso para empresas de alimentos y bebidas con el fin de aumentar las ventas y la fidelidad del cliente.','2047-02-20 21:40:00','2047-02-20 22:40:00','Abierta',6,'Marketing Digital',207),(559,'Historia del arte contemporáneo','Necesito información sobre los movimientos artísticos, artistas y obras más importantes en la historia del arte contemporáneo.','2047-03-18 00:00:00','2047-03-18 01:00:00','Abierta',8,'Arte',208),(560,'Cómo mejorar la gestión del cambio en el sector de la educación','Quisiera consejos y estrategias para liderar procesos de cambio en instituciones educativas de manera efectiva y centrada en el estudiante.','2047-04-22 23:30:00','2047-04-23 00:30:00','Abierta',7,'Educación',209),(561,'Técnicas de marketing de contenidos para empresas de tecnología','Busco recursos y consejos sobre cómo crear contenido técnico y persuasivo para empresas de tecnología con el fin de atraer a clientes y desarrolladores.','2047-05-10 23:40:00','2047-05-11 00:40:00','Abierta',6,'Marketing Digital',210),(562,'Cómo crear una estrategia de marketing de contenidos para empresas de viajes','Quisiera aprender a desarrollar contenido inspirador y útil para empresas de viajes con el fin de atraer a turistas y viajeros.','2047-06-18 20:00:00','2047-06-18 21:00:00','Abierta',8,'Marketing Digital',211),(563,'Historia de la filosofía','Necesito información sobre los filósofos, corrientes de pensamiento y obras más importantes en la historia de la filosofía.','2047-07-20 23:20:00','2047-07-21 00:20:00','Abierta',7,'Filosofía',212),(564,'Cómo mejorar la gestión del cambio en el sector de la moda','Quisiera consejos y estrategias para liderar procesos de cambio en empresas del sector de la moda de manera innovadora y centrada en las tendencias y el cliente.','2047-08-12 21:40:00','2047-08-12 22:40:00','Abierta',6,'Moda',213),(565,'Técnicas de marketing de contenidos para empresas de viajes y turismo','Busco recursos y consejos sobre cómo crear contenido inspirador y útil para empresas de viajes y turismo con el fin de atraer a turistas y viajeros.','2047-09-05 00:00:00','2047-09-05 01:00:00','Abierta',8,'Marketing Digital',214),(566,'Cómo crear una estrategia de marketing de contenidos para empresas de tecnología','Quisiera aprender a desarrollar contenido técnico y persuasivo para empresas de tecnología con el fin de atraer a clientes y desarrolladores.','2047-10-18 22:20:00','2047-10-18 23:20:00','Abierta',7,'Marketing Digital',215),(567,'Historia de la arquitectura moderna','Necesito información sobre los movimientos, arquitectos y obras más importantes en la historia de la arquitectura moderna.','2047-11-22 21:40:00','2047-11-22 22:40:00','Abierta',6,'Arquitectura',216),(568,'Cómo mejorar la gestión del cambio en el sector de la salud','Quisiera consejos y estrategias para liderar procesos de cambio en empresas del sector de la salud de manera eficiente y centrada en el paciente.','2047-12-08 21:00:00','2047-12-08 22:00:00','Abierta',8,'Salud',217),(569,'Técnicas de marketing de contenidos para empresas de moda','Busco recursos y consejos sobre cómo crear contenido creativo y atractivo para empresas de moda con el fin de aumentar la visibilidad y las ventas de la marca.','2048-01-15 23:20:00','2048-01-16 00:20:00','Abierta',7,'Marketing Digital',218),(570,'Cómo crear una estrategia de marketing de contenidos para empresas de alimentos y bebidas','Quisiera aprender a desarrollar contenido atractivo y apetitoso para empresas de alimentos y bebidas con el fin de aumentar las ventas y la fidelidad del cliente.','2048-02-20 21:40:00','2048-02-20 22:40:00','Abierta',6,'Marketing Digital',219),(571,'Historia del arte contemporáneo','Necesito información sobre los movimientos artísticos, artistas y obras más importantes en la historia del arte contemporáneo.','2048-03-18 00:00:00','2048-03-18 01:00:00','Abierta',8,'Arte',220),(572,'Cómo mejorar la gestión del cambio en el sector de la educación','Quisiera consejos y estrategias para liderar procesos de cambio en instituciones educativas de manera efectiva y centrada en el estudiante.','2048-04-22 23:30:00','2048-04-23 00:30:00','Abierta',7,'Educación',221),(573,'Técnicas de marketing de contenidos para empresas de tecnología','Busco recursos y consejos sobre cómo crear contenido técnico y persuasivo para empresas de tecnología con el fin de atraer a clientes y desarrolladores.','2048-05-10 23:40:00','2048-05-11 00:40:00','Abierta',6,'Marketing Digital',222),(574,'Cómo crear una estrategia de marketing de contenidos para empresas de viajes','Quisiera aprender a desarrollar contenido inspirador y útil para empresas de viajes con el fin de atraer a turistas y viajeros.','2048-06-18 20:00:00','2048-06-18 21:00:00','Abierta',8,'Marketing Digital',223),(575,'Historia de la filosofía','Necesito información sobre los filósofos, corrientes de pensamiento y obras más importantes en la historia de la filosofía.','2048-07-20 23:20:00','2048-07-21 00:20:00','Abierta',7,'Filosofía',224),(576,'Cómo mejorar la gestión del cambio en el sector de la moda','Quisiera consejos y estrategias para liderar procesos de cambio en empresas del sector de la moda de manera innovadora y centrada en las tendencias y el cliente.','2048-08-12 21:40:00','2048-08-12 22:40:00','Abierta',6,'Moda',225),(577,'Técnicas de marketing de contenidos para empresas de viajes y turismo','Busco recursos y consejos sobre cómo crear contenido inspirador y útil para empresas de viajes y turismo con el fin de atraer a turistas y viajeros.','2048-09-05 00:00:00','2048-09-05 01:00:00','Abierta',8,'Marketing Digital',226),(578,'Cómo crear una estrategia de marketing de contenidos para empresas de tecnología','Quisiera aprender a desarrollar contenido técnico y persuasivo para empresas de tecnología con el fin de atraer a clientes y desarrolladores.','2048-10-18 22:20:00','2048-10-18 23:20:00','Abierta',7,'Marketing Digital',227),(579,'Historia de la arquitectura moderna','Necesito información sobre los movimientos, arquitectos y obras más importantes en la historia de la arquitectura moderna.','2048-11-22 21:40:00','2048-11-22 22:40:00','Abierta',6,'Arquitectura',228),(580,'Cómo mejorar la gestión del cambio en el sector de la salud','Quisiera consejos y estrategias para liderar procesos de cambio en empresas del sector de la salud de manera eficiente y centrada en el paciente.','2048-12-08 21:00:00','2048-12-08 22:00:00','Abierta',8,'Salud',229),(581,'Técnicas de marketing de contenidos para empresas de moda','Busco recursos y consejos sobre cómo crear contenido creativo y atractivo para empresas de moda con el fin de aumentar la visibilidad y las ventas de la marca.','2049-01-15 23:20:00','2049-01-16 00:20:00','Abierta',7,'Marketing Digital',230),(582,'Cómo crear una estrategia de marketing de contenidos para empresas de alimentos y bebidas','Quisiera aprender a desarrollar contenido atractivo y apetitoso para empresas de alimentos y bebidas con el fin de aumentar las ventas y la fidelidad del cliente.','2049-02-20 21:40:00','2049-02-20 22:40:00','Abierta',6,'Marketing Digital',231),(583,'Historia del arte contemporáneo','Necesito información sobre los movimientos artísticos, artistas y obras más importantes en la historia del arte contemporáneo.','2049-03-18 00:00:00','2049-03-18 01:00:00','Abierta',8,'Arte',232),(584,'Cómo mejorar la gestión del cambio en el sector de la educación','Quisiera consejos y estrategias para liderar procesos de cambio en instituciones educativas de manera efectiva y centrada en el estudiante.','2049-04-22 23:30:00','2049-04-23 00:30:00','Abierta',7,'Educación',233),(585,'Técnicas de marketing de contenidos para empresas de tecnología','Busco recursos y consejos sobre cómo crear contenido técnico y persuasivo para empresas de tecnología con el fin de atraer a clientes y desarrolladores.','2049-05-10 23:40:00','2049-05-11 00:40:00','Abierta',6,'Marketing Digital',234),(586,'Cómo crear una estrategia de marketing de contenidos para empresas de viajes','Quisiera aprender a desarrollar contenido inspirador y útil para empresas de viajes con el fin de atraer a turistas y viajeros.','2049-06-18 20:00:00','2049-06-18 21:00:00','Abierta',8,'Marketing Digital',235),(587,'Historia de la filosofía','Necesito información sobre los filósofos, corrientes de pensamiento y obras más importantes en la historia de la filosofía.','2049-07-20 23:20:00','2049-07-21 00:20:00','Abierta',7,'Filosofía',236);
/*!40000 ALTER TABLE `post` ENABLE KEYS */;
UNLOCK TABLES;

--
-- Table structure for table `revision`
--

DROP TABLE IF EXISTS `revision`;
/*!40101 SET @saved_cs_client     = @@character_set_client */;
/*!50503 SET character_set_client = utf8mb4 */;
CREATE TABLE `revision` (
  `idRevision` int NOT NULL AUTO_INCREMENT,
  `FechaRevision` datetime DEFAULT NULL,
  `Aprobado` enum('Si','No') DEFAULT NULL,
  PRIMARY KEY (`idRevision`)
) ENGINE=NDBCLUSTER AUTO_INCREMENT=464 DEFAULT CHARSET=utf8mb3;
/*!40101 SET character_set_client = @saved_cs_client */;

--
-- Dumping data for table `revision`
--

LOCK TABLES `revision` WRITE;
/*!40000 ALTER TABLE `revision` DISABLE KEYS */;
INSERT INTO `revision` VALUES (1,'2024-01-01 10:00:00','Si'),(2,'2024-01-02 11:00:00','Si'),(3,'2024-01-03 12:00:00','Si'),(4,'2024-01-04 13:00:00','Si'),(5,'2024-01-05 14:00:00','Si'),(6,'2024-01-06 15:00:00','Si'),(7,'2024-01-07 16:00:00','Si'),(8,'2024-01-08 17:00:00','Si'),(9,'2024-01-09 18:00:00','Si'),(10,'2024-01-10 19:00:00','Si'),(11,'2024-01-11 20:00:00','Si'),(12,'2024-01-12 21:00:00','Si'),(13,'2024-01-13 22:00:00','Si'),(14,'2024-01-14 23:00:00','Si'),(15,'2024-01-15 09:00:00','Si'),(16,'2024-01-16 10:00:00','Si'),(17,'2024-01-17 11:00:00','Si'),(18,'2024-01-18 12:00:00','Si'),(19,'2024-01-19 13:00:00','Si'),(20,'2024-01-20 14:00:00','Si'),(21,'2024-01-21 15:00:00','Si'),(22,'2024-01-22 16:00:00','Si'),(23,'2024-01-23 17:00:00','Si'),(24,'2024-01-24 18:00:00','Si'),(25,'2024-01-25 19:00:00','Si'),(26,'2024-01-26 20:00:00','Si'),(27,'2024-01-27 21:00:00','Si'),(28,'2024-01-28 22:00:00','Si'),(29,'2024-01-29 23:00:00','Si'),(30,'2024-01-30 09:00:00','Si'),(31,'2024-01-31 10:00:00','Si'),(32,'2024-02-01 11:00:00','Si'),(33,'2024-02-02 12:00:00','Si'),(34,'2024-02-03 13:00:00','Si'),(35,'2024-02-04 14:00:00','Si'),(36,'2024-02-05 15:00:00','Si'),(37,'2024-02-06 16:00:00','Si'),(38,'2024-02-07 17:00:00','Si'),(39,'2024-02-08 18:00:00','Si'),(40,'2024-02-09 19:00:00','Si'),(41,'2024-02-10 20:00:00','Si'),(42,'2024-02-11 21:00:00','Si'),(43,'2024-02-12 22:00:00','Si'),(44,'2024-02-13 23:00:00','Si'),(45,'2024-02-14 09:00:00','Si'),(46,'2024-02-15 10:00:00','Si'),(47,'2024-02-16 11:00:00','Si'),(48,'2024-02-17 12:00:00','Si'),(49,'2024-02-18 13:00:00','Si'),(50,'2024-02-19 14:00:00','Si'),(51,'2024-02-20 15:00:00','Si'),(52,'2024-02-21 16:00:00','Si'),(53,'2024-02-22 17:00:00','Si'),(54,'2024-02-23 18:00:00','Si'),(55,'2024-02-24 19:00:00','Si'),(56,'2024-02-25 20:00:00','Si'),(57,'2024-02-26 21:00:00','Si'),(58,'2024-02-27 22:00:00','Si'),(59,'2024-02-28 23:00:00','Si'),(60,'2024-02-29 09:00:00','Si'),(61,'2024-03-01 10:00:00','Si'),(62,'2024-03-02 11:00:00','Si'),(63,'2024-03-03 12:00:00','Si'),(64,'2024-03-04 13:00:00','Si'),(65,'2024-03-05 14:00:00','Si'),(66,'2024-03-06 15:00:00','Si'),(67,'2024-03-07 16:00:00','Si'),(68,'2024-03-08 17:00:00','Si'),(69,'2024-03-09 18:00:00','Si'),(70,'2024-03-10 19:00:00','Si'),(71,'2024-03-11 20:00:00','Si'),(72,'2024-03-12 21:00:00','Si'),(73,'2024-03-13 22:00:00','Si'),(74,'2024-03-14 23:00:00','Si'),(75,'2024-03-15 09:00:00','Si'),(76,'2024-03-16 10:00:00','Si'),(77,'2024-03-17 11:00:00','Si'),(78,'2024-03-18 12:00:00','Si'),(79,'2024-03-19 13:00:00','Si'),(80,'2024-03-20 14:00:00','Si'),(81,'2024-03-21 15:00:00','Si'),(82,'2024-03-22 16:00:00','Si'),(83,'2024-03-23 17:00:00','Si'),(84,'2024-03-24 18:00:00','Si'),(85,'2024-03-25 19:00:00','Si'),(86,'2024-03-26 20:00:00','Si'),(87,'2024-03-27 21:00:00','Si'),(88,'2024-03-28 22:00:00','Si'),(89,'2024-03-29 23:00:00','Si'),(90,'2024-03-30 09:00:00','Si'),(91,'2024-03-31 10:00:00','Si'),(92,'2024-04-01 11:00:00','Si'),(93,'2024-04-02 12:00:00','Si'),(94,'2024-04-03 13:00:00','Si'),(95,'2024-04-04 14:00:00','Si'),(96,'2024-04-05 15:00:00','Si'),(97,'2024-04-06 16:00:00','Si'),(98,'2024-04-07 17:00:00','Si'),(99,'2024-04-08 18:00:00','Si'),(100,'2024-04-09 19:00:00','Si'),(101,'2024-04-10 20:00:00','Si'),(102,'2024-04-11 21:00:00','Si'),(103,'2024-04-12 22:00:00','Si'),(104,'2024-04-13 23:00:00','Si'),(105,'2024-04-14 09:00:00','Si'),(106,'2024-04-15 10:00:00','Si'),(107,'2024-04-16 11:00:00','Si'),(108,'2024-04-17 12:00:00','Si'),(109,'2024-04-18 13:00:00','Si'),(110,'2024-04-19 14:00:00','Si'),(111,'2024-04-20 15:00:00','Si'),(112,'2024-04-21 16:00:00','Si'),(113,'2024-04-22 17:00:00','Si'),(114,'2024-04-23 18:00:00','Si'),(115,'2024-04-24 19:00:00','Si'),(116,'2024-04-25 20:00:00','Si'),(117,'2024-04-26 21:00:00','Si'),(118,'2024-04-27 22:00:00','Si'),(119,'2024-04-28 23:00:00','Si'),(120,'2024-04-29 09:00:00','Si'),(121,'2024-04-30 10:00:00','Si'),(122,'2024-05-01 11:00:00','Si'),(123,'2024-05-02 12:00:00','Si'),(124,'2024-05-03 13:00:00','Si'),(125,'2024-05-04 14:00:00','Si'),(126,'2024-05-05 15:00:00','Si'),(127,'2024-05-06 16:00:00','Si'),(128,'2024-05-07 17:00:00','Si'),(129,'2024-05-08 18:00:00','Si'),(130,'2024-05-09 19:00:00','Si'),(131,'2024-05-10 20:00:00','Si'),(132,'2024-05-11 21:00:00','Si'),(133,'2024-05-12 22:00:00','Si'),(134,'2024-05-13 23:00:00','Si'),(135,'2024-05-14 09:00:00','Si'),(136,'2024-05-15 10:00:00','Si'),(137,'2024-05-16 11:00:00','Si'),(138,'2024-05-17 12:00:00','Si'),(139,'2024-05-18 13:00:00','Si'),(140,'2024-05-19 14:00:00','Si'),(141,'2024-05-20 15:00:00','Si'),(142,'2024-05-21 16:00:00','Si'),(143,'2024-05-22 17:00:00','Si'),(144,'2024-05-23 18:00:00','Si'),(145,'2024-05-24 19:00:00','Si'),(146,'2024-05-25 20:00:00','Si'),(147,'2024-05-26 21:00:00','Si'),(148,'2024-05-27 22:00:00','Si'),(149,'2024-05-28 23:00:00','Si'),(150,'2024-05-29 09:00:00','Si'),(151,'2024-05-30 10:00:00','Si'),(152,'2024-05-31 11:00:00','Si'),(153,'2024-06-01 12:00:00','Si'),(154,'2024-06-02 13:00:00','Si'),(155,'2024-06-03 14:00:00','Si'),(156,'2024-06-04 15:00:00','Si'),(157,'2024-06-05 16:00:00','Si'),(158,'2024-06-06 17:00:00','Si'),(159,'2024-06-07 18:00:00','Si'),(160,'2024-06-08 19:00:00','Si'),(161,'2024-06-09 20:00:00','Si'),(162,'2024-06-10 21:00:00','Si'),(163,'2024-06-11 22:00:00','Si'),(164,'2024-06-12 23:00:00','Si'),(165,'2024-06-13 09:00:00','Si'),(166,'2024-06-14 10:00:00','Si'),(167,'2024-06-15 11:00:00','Si'),(168,'2024-06-16 12:00:00','Si'),(169,'2024-06-17 13:00:00','Si'),(170,'2024-06-18 14:00:00','Si'),(171,'2024-06-19 15:00:00','Si'),(172,'2024-06-20 16:00:00','Si'),(173,'2024-06-21 17:00:00','Si'),(174,'2024-06-22 18:00:00','Si'),(175,'2024-06-23 19:00:00','Si'),(176,'2024-06-24 20:00:00','Si'),(177,'2024-06-25 21:00:00','Si'),(178,'2024-06-26 22:00:00','Si'),(179,'2024-06-27 23:00:00','Si'),(180,'2024-06-28 09:00:00','Si'),(181,'2024-06-29 10:00:00','Si'),(182,'2024-06-30 11:00:00','Si'),(183,'2024-07-01 12:00:00','Si'),(184,'2024-07-02 13:00:00','Si'),(185,'2024-07-03 14:00:00','Si'),(186,'2024-07-04 15:00:00','Si'),(187,'2024-07-05 16:00:00','Si'),(188,'2024-07-06 17:00:00','Si'),(189,'2024-07-07 18:00:00','Si'),(190,'2024-07-08 19:00:00','Si'),(191,'2024-07-09 20:00:00','Si'),(192,'2024-07-10 21:00:00','Si'),(193,'2024-07-11 22:00:00','Si'),(194,'2024-07-12 23:00:00','Si'),(195,'2024-07-13 09:00:00','Si'),(196,'2024-07-14 10:00:00','Si'),(197,'2024-07-15 11:00:00','Si'),(198,'2024-07-16 12:00:00','Si'),(199,'2024-07-17 13:00:00','Si'),(200,'2024-07-18 14:00:00','Si'),(201,'2024-07-19 15:00:00','Si'),(202,'2024-07-20 16:00:00','Si'),(203,'2024-07-21 17:00:00','Si'),(204,'2024-07-22 18:00:00','Si'),(205,'2024-07-23 19:00:00','Si'),(206,'2024-07-24 20:00:00','Si'),(207,'2024-07-25 21:00:00','Si'),(208,'2024-07-26 22:00:00','Si'),(209,'2024-07-27 23:00:00','Si'),(210,'2024-07-28 09:00:00','Si'),(211,'2024-07-29 10:00:00','Si'),(212,'2024-07-30 11:00:00','Si'),(213,'2024-07-31 12:00:00','Si'),(214,'2024-08-01 13:00:00','Si'),(215,'2024-08-02 14:00:00','Si'),(216,'2024-08-03 15:00:00','Si'),(217,'2024-08-04 16:00:00','Si'),(218,'2024-08-05 17:00:00','Si'),(219,'2024-08-06 18:00:00','Si'),(220,'2024-08-07 19:00:00','Si'),(221,'2024-08-08 20:00:00','Si'),(222,'2024-08-09 21:00:00','Si'),(223,'2024-08-10 22:00:00','Si'),(224,'2024-08-11 23:00:00','Si'),(225,'2024-08-12 09:00:00','Si'),(226,'2024-08-13 10:00:00','Si'),(227,'2024-08-14 11:00:00','Si'),(228,'2024-08-15 12:00:00','Si'),(229,'2024-08-16 13:00:00','Si'),(230,'2024-08-17 14:00:00','Si'),(231,'2024-08-18 15:00:00','Si'),(232,'2024-08-19 16:00:00','Si'),(233,'2024-08-20 17:00:00','Si'),(234,'2024-08-21 18:00:00','Si'),(235,'2024-08-22 19:00:00','Si'),(236,'2024-08-23 20:00:00','Si'),(237,'2024-08-24 21:00:00','Si'),(238,'2024-08-25 22:00:00','Si'),(239,'2024-08-26 23:00:00','Si'),(240,'2024-08-27 09:00:00','Si'),(241,'2024-08-28 10:00:00','Si'),(242,'2024-08-29 11:00:00','Si'),(243,'2024-08-30 12:00:00','Si'),(244,'2024-08-31 13:00:00','Si'),(245,'2024-09-01 14:00:00','Si'),(246,'2024-09-02 15:00:00','Si'),(247,'2024-09-03 16:00:00','Si'),(248,'2024-09-04 17:00:00','Si'),(249,'2024-09-05 18:00:00','Si'),(250,'2024-09-06 19:00:00','Si'),(251,'2024-09-07 20:00:00','Si'),(252,'2024-09-08 21:00:00','Si'),(253,'2024-09-09 22:00:00','Si'),(254,'2024-09-10 23:00:00','Si'),(255,'2024-09-11 09:00:00','Si'),(256,'2024-09-12 10:00:00','Si'),(257,'2024-09-13 11:00:00','Si'),(258,'2024-09-14 12:00:00','Si'),(259,'2024-09-15 13:00:00','Si'),(260,'2024-09-16 14:00:00','Si'),(261,'2024-09-17 15:00:00','Si'),(262,'2024-09-18 16:00:00','Si'),(263,'2024-09-19 17:00:00','Si'),(264,'2024-09-20 18:00:00','Si'),(265,'2024-09-21 19:00:00','Si'),(266,'2024-09-22 20:00:00','Si'),(267,'2024-09-23 21:00:00','Si'),(268,'2024-09-24 22:00:00','Si'),(269,'2024-09-25 23:00:00','Si'),(270,'2024-09-26 09:00:00','Si'),(271,'2024-09-27 10:00:00','Si'),(272,'2024-09-28 11:00:00','Si'),(273,'2024-09-29 12:00:00','Si'),(274,'2024-09-30 13:00:00','Si'),(275,'2024-10-01 14:00:00','Si'),(276,'2024-10-02 15:00:00','Si'),(277,'2024-10-03 16:00:00','Si'),(278,'2024-10-04 17:00:00','Si'),(279,'2024-10-05 18:00:00','Si'),(280,'2024-10-06 19:00:00','Si'),(281,'2024-10-07 20:00:00','Si'),(282,'2024-10-08 21:00:00','Si'),(283,'2024-10-09 22:00:00','Si'),(284,'2024-10-10 23:00:00','Si'),(285,'2024-10-11 09:00:00','Si'),(286,'2024-10-12 10:00:00','Si'),(287,'2024-10-13 11:00:00','Si'),(288,'2024-10-14 12:00:00','Si'),(289,'2024-10-15 13:00:00','Si'),(290,'2024-10-16 14:00:00','Si'),(291,'2024-10-17 15:00:00','Si'),(292,'2024-10-18 16:00:00','Si'),(293,'2024-10-19 17:00:00','Si'),(294,'2024-10-20 18:00:00','Si'),(295,'2024-10-21 19:00:00','Si'),(296,'2024-10-22 20:00:00','Si'),(297,'2024-10-23 21:00:00','Si'),(298,'2024-10-24 22:00:00','Si'),(299,'2024-10-25 23:00:00','Si'),(300,'2024-10-26 09:00:00','Si'),(301,'2024-10-27 10:00:00','Si'),(302,'2024-10-28 11:00:00','Si'),(303,'2024-10-29 12:00:00','Si'),(304,'2024-10-30 13:00:00','Si'),(305,'2024-10-31 14:00:00','Si'),(306,'2024-11-01 15:00:00','Si'),(307,'2024-11-02 16:00:00','Si'),(308,'2024-11-03 17:00:00','Si'),(309,'2024-11-04 18:00:00','Si'),(310,'2024-11-05 19:00:00','Si'),(311,'2024-11-06 20:00:00','Si'),(312,'2024-11-07 21:00:00','Si'),(313,'2024-11-08 22:00:00','Si'),(314,'2024-11-09 23:00:00','Si'),(315,'2024-11-10 09:00:00','Si'),(316,'2024-11-11 10:00:00','Si'),(317,'2024-11-12 11:00:00','Si'),(318,'2024-11-13 12:00:00','Si'),(319,'2024-11-14 13:00:00','Si'),(320,'2024-11-15 14:00:00','Si'),(321,'2024-11-16 15:00:00','Si'),(322,'2024-11-17 16:00:00','Si'),(323,'2024-11-18 17:00:00','Si'),(324,'2024-11-19 18:00:00','Si'),(325,'2024-11-20 19:00:00','Si'),(326,'2024-11-21 20:00:00','Si'),(327,'2024-11-22 21:00:00','Si'),(328,'2024-11-23 22:00:00','Si'),(329,'2024-11-24 23:00:00','Si'),(330,'2024-11-25 09:00:00','Si'),(331,'2024-11-26 10:00:00','Si'),(332,'2024-11-27 11:00:00','Si'),(333,'2024-11-28 12:00:00','Si'),(334,'2024-11-29 13:00:00','Si'),(335,'2024-11-30 14:00:00','Si'),(336,'2024-12-01 15:00:00','Si'),(337,'2024-12-02 16:00:00','Si'),(338,'2024-12-03 17:00:00','Si'),(339,'2024-12-04 18:00:00','Si'),(340,'2024-12-05 19:00:00','Si'),(341,'2024-12-06 20:00:00','Si'),(342,'2024-12-07 21:00:00','Si'),(343,'2024-12-08 22:00:00','Si'),(344,'2024-12-09 23:00:00','Si'),(345,'2024-12-10 09:00:00','Si'),(346,'2024-12-11 10:00:00','Si'),(347,'2024-12-12 11:00:00','Si'),(348,'2024-12-13 12:00:00','Si'),(349,'2024-12-14 13:00:00','Si'),(350,'2024-12-15 14:00:00','Si'),(351,'2024-12-16 15:00:00','Si'),(352,'2024-12-17 16:00:00','Si'),(353,'2024-12-18 17:00:00','Si'),(354,'2024-12-19 18:00:00','Si'),(355,'2024-12-20 19:00:00','Si'),(356,'2024-12-21 20:00:00','Si'),(357,'2024-12-22 21:00:00','Si'),(358,'2024-12-23 22:00:00','Si'),(359,'2024-12-24 23:00:00','Si'),(360,'2024-12-25 09:00:00','Si'),(361,'2024-12-26 10:00:00','Si'),(362,'2024-12-27 11:00:00','Si'),(363,'2024-12-28 12:00:00','Si'),(364,'2024-12-29 13:00:00','Si'),(365,'2024-12-30 14:00:00','Si'),(366,'2024-12-31 15:00:00','Si'),(367,'2024-01-01 10:00:00','Si'),(368,'2024-01-02 11:00:00','Si'),(369,'2024-01-03 12:00:00','Si'),(370,'2024-01-04 13:00:00','Si'),(371,'2024-01-05 14:00:00','Si'),(372,'2024-01-06 15:00:00','Si'),(373,'2024-01-07 16:00:00','Si'),(374,'2024-01-08 17:00:00','Si'),(375,'2024-01-09 18:00:00','Si'),(376,'2024-01-10 19:00:00','Si'),(377,'2024-01-11 20:00:00','Si'),(378,'2024-01-12 21:00:00','Si'),(379,'2024-01-13 22:00:00','Si'),(380,'2024-01-14 23:00:00','Si'),(381,'2024-01-15 09:00:00','Si'),(382,'2024-01-16 10:00:00','Si'),(383,'2024-01-17 11:00:00','Si'),(384,'2024-01-18 12:00:00','Si'),(385,'2024-01-19 13:00:00','Si'),(386,'2024-01-20 14:00:00','Si'),(387,'2024-01-21 15:00:00','Si'),(388,'2024-01-22 16:00:00','Si'),(389,'2024-01-23 17:00:00','Si'),(390,'2024-01-24 18:00:00','Si'),(391,'2024-01-25 19:00:00','Si'),(392,'2024-01-26 20:00:00','Si'),(393,'2024-01-27 21:00:00','Si'),(394,'2024-01-28 22:00:00','Si'),(395,'2024-01-29 23:00:00','Si'),(396,'2024-01-30 09:00:00','Si'),(397,'2024-01-31 10:00:00','Si'),(398,'2024-02-01 11:00:00','Si'),(399,'2024-02-02 12:00:00','Si'),(400,'2024-02-03 13:00:00','Si'),(401,'2024-02-04 14:00:00','Si'),(402,'2024-02-05 15:00:00','Si'),(403,'2024-02-06 16:00:00','Si'),(404,'2024-02-07 17:00:00','Si'),(405,'2024-02-08 18:00:00','Si'),(406,'2024-02-09 19:00:00','Si'),(407,'2024-02-10 20:00:00','Si'),(408,'2024-02-11 21:00:00','Si'),(409,'2024-02-12 22:00:00','Si'),(410,'2024-02-13 23:00:00','Si'),(411,'2024-02-14 09:00:00','Si'),(412,'2024-02-15 10:00:00','Si'),(413,'2024-02-16 11:00:00','Si'),(414,'2024-02-17 12:00:00','Si'),(415,'2024-02-18 13:00:00','Si'),(416,'2024-02-19 14:00:00','Si'),(417,'2024-02-20 15:00:00','Si'),(418,'2024-02-21 16:00:00','Si'),(419,'2024-02-22 17:00:00','Si'),(420,'2024-02-23 18:00:00','Si'),(421,'2024-02-24 19:00:00','Si'),(422,'2024-02-25 20:00:00','Si'),(423,'2024-02-26 21:00:00','Si'),(424,'2024-02-27 22:00:00','Si'),(425,'2024-02-28 23:00:00','Si'),(426,'2024-02-29 09:00:00','Si'),(427,'2024-03-01 10:00:00','Si'),(428,'2024-03-02 11:00:00','Si'),(429,'2024-03-03 12:00:00','Si'),(430,'2024-03-04 13:00:00','Si'),(431,'2024-03-05 14:00:00','Si'),(432,'2024-03-06 15:00:00','Si'),(433,'2024-03-07 16:00:00','Si'),(434,'2024-03-08 17:00:00','Si'),(435,'2024-03-09 18:00:00','Si'),(436,'2024-03-10 19:00:00','Si'),(437,'2024-03-11 20:00:00','Si'),(438,'2024-03-12 21:00:00','Si'),(439,'2024-03-13 22:00:00','Si'),(440,'2024-03-14 23:00:00','Si'),(441,'2024-03-15 09:00:00','Si'),(442,'2024-03-16 10:00:00','Si'),(443,'2024-03-17 11:00:00','Si'),(444,'2024-03-18 12:00:00','Si'),(445,'2024-03-19 13:00:00','Si'),(446,'2024-03-20 14:00:00','Si'),(447,'2024-03-21 15:00:00','Si'),(448,'2024-03-22 16:00:00','Si'),(449,'2024-03-23 17:00:00','Si'),(450,'2024-03-24 18:00:00','Si'),(451,'2024-03-25 19:00:00','Si'),(452,'2024-03-26 20:00:00','Si'),(453,'2024-03-27 21:00:00','Si'),(454,'2024-03-28 22:00:00','Si'),(455,'2024-03-29 23:00:00','Si'),(456,'2024-03-30 09:00:00','Si'),(457,'2024-03-31 10:00:00','Si'),(458,'2024-04-01 11:00:00','Si'),(459,'2024-04-02 12:00:00','Si'),(460,'2024-04-03 13:00:00','Si'),(461,'2024-04-04 14:00:00','No'),(462,'2024-04-05 15:00:00','Si'),(463,'2024-04-06 16:00:00','Si');
/*!40000 ALTER TABLE `revision` ENABLE KEYS */;
UNLOCK TABLES;

--
-- Table structure for table `usuario`
--

DROP TABLE IF EXISTS `usuario`;
/*!40101 SET @saved_cs_client     = @@character_set_client */;
/*!50503 SET character_set_client = utf8mb4 */;
CREATE TABLE `usuario` (
  `idUsuario` int NOT NULL AUTO_INCREMENT,
  `Nombre` varchar(45) DEFAULT NULL,
  `Apellido` varchar(45) DEFAULT NULL,
  `CorreoElectronico` varchar(45) DEFAULT NULL,
  `Contrasena` varchar(45) DEFAULT NULL,
  `Rol` enum('Estudiante','Profesor','Personal') DEFAULT NULL,
  `FotoPerfil` varchar(45) DEFAULT NULL,
  `Carrera_idCarrera` int NOT NULL,
  PRIMARY KEY (`idUsuario`),
  KEY `fk_Usuario_Carrera1_idx` (`Carrera_idCarrera`),
  CONSTRAINT `fk_Usuario_Carrera1` FOREIGN KEY (`Carrera_idCarrera`) REFERENCES `carrera` (`idCarrera`)
) ENGINE=NDBCLUSTER AUTO_INCREMENT=6654 DEFAULT CHARSET=utf8mb3;
/*!40101 SET character_set_client = @saved_cs_client */;

--
-- Dumping data for table `usuario`
--

LOCK TABLES `usuario` WRITE;
/*!40000 ALTER TABLE `usuario` DISABLE KEYS */;
INSERT INTO `usuario` VALUES (6235,'Florencia','Hernández','florencia.hernandez@example.com','contrasena290','Estudiante','perfil.jpg',4),(6236,'Emilio','Díaz','emilio.diaz@example.com','contrasena291','Estudiante','perfil.jpg',5),(6237,'Agustina','Ruiz','agustina.ruiz@example.com','contrasena292','Estudiante','perfil.jpg',6),(6238,'Santiago','Moreno','santiago.moreno@example.com','contrasena293','Estudiante','perfil.jpg',7),(6239,'Constanza','Álvarez','constanza.alvarez@example.com','contrasena294','Estudiante','perfil.jpg',8),(6240,'Benjamín','Torres','benjamin.torres@example.com','contrasena295','Estudiante','perfil.jpg',9),(6241,'Martina','Gómez','martina.gomez@example.com','contrasena296','Estudiante','perfil.jpg',10),(6242,'Facundo','Sánchez','facundo.sanchez@example.com','contrasena297','Estudiante','perfil.jpg',11),(6243,'Victoria','Rodríguez','victoria.rodriguez@example.com','contrasena298','Estudiante','perfil.jpg',12),(6244,'Bruno','López','bruno.lopez@example.com','contrasena299','Estudiante','perfil.jpg',13),(6245,'Martina','García','martina.garcia@example.com','contrasena300','Estudiante','perfil.jpg',14),(6246,'Joaquín','Martínez','joaquin.martinez@example.com','contrasena301','Estudiante','perfil.jpg',15),(6247,'Sofía','Fernández','sofia.fernandez@example.com','contrasena302','Estudiante','perfil.jpg',16),(6248,'Ramiro','Pérez','ramiro.perez@example.com','contrasena303','Estudiante','perfil.jpg',17),(6249,'Carolina','González','carolina.gonzalez@example.com','contrasena304','Estudiante','perfil.jpg',18),(6250,'Facundo','Sosa','facundo.sosa@example.com','contrasena305','Estudiante','perfil.jpg',19),(6251,'Antonella','Castro','antonella.castro@example.com','contrasena306','Estudiante','perfil.jpg',20),(6252,'Thiago','Álvarez','thiago.alvarez@example.com','contrasena307','Estudiante','perfil.jpg',21),(6253,'Martina','Ramírez','martina.ramirez@example.com','contrasena308','Estudiante','perfil.jpg',22),(6254,'Lautaro','Torres','lautaro.torres@example.com','contrasena309','Estudiante','perfil.jpg',23),(6255,'Renata','Vázquez','renata.vazquez@example.com','contrasena310','Estudiante','perfil.jpg',24),(6256,'Máximo','Acosta','maximo.acosta@example.com','contrasena311','Estudiante','perfil.jpg',25),(6257,'Emilia','Romero','emilia.romero@example.com','contrasena312','Estudiante','perfil.jpg',26),(6258,'Bautista','Giménez','bautista.gimenez@example.com','contrasena313','Estudiante','perfil.jpg',27),(6259,'Valentina','Díaz','valentina.diaz@example.com','contrasena314','Estudiante','perfil.jpg',28),(6260,'Santino','Suárez','santino.suarez@example.com','contrasena315','Estudiante','perfil.jpg',29),(6261,'Martina','Castro','martina.castro@example.com','contrasena316','Estudiante','perfil.jpg',30),(6262,'Simón','Blanco','simon.blanco@example.com','contrasena317','Estudiante','perfil.jpg',31),(6263,'Catalina','Gutierrez','catalina.gutierrez@example.com','contrasena318','Estudiante','perfil.jpg',32),(6264,'Benicio','Vera','benicio.vera@example.com','contrasena319','Estudiante','perfil.jpg',33),(6265,'Amparo','Carrasco','amparo.carrasco@example.com','contrasena320','Estudiante','perfil.jpg',34),(6266,'Juan Pablo','Reyes','juanpablo.reyes@example.com','contrasena321','Estudiante','perfil.jpg',35),(6267,'Isabella','Pérez','isabella.perez@example.com','contrasena322','Estudiante','perfil.jpg',36),(6268,'Mariano','Muñoz','mariano.munoz@example.com','contrasena323','Estudiante','perfil.jpg',37),(6269,'Candelaria','Ibáñez','candelaria.ibanez@example.com','contrasena324','Estudiante','perfil.jpg',38),(6270,'Lucas','García','lucas.garcia@example.com','contrasena325','Estudiante','perfil.jpg',39),(6271,'Valentina','Martínez','valentina.martinez@example.com','contrasena326','Estudiante','perfil.jpg',40),(6272,'Juan Martín','Fernández','juanmartin.fernandez@example.com','contrasena327','Estudiante','perfil.jpg',41),(6273,'Camila','Vázquez','camila.vazquez@example.com','contrasena328','Estudiante','perfil.jpg',42),(6274,'Luciano','López','luciano.lopez@example.com','contrasena329','Estudiante','perfil.jpg',43),(6275,'Lucía','Suárez','lucia.suarez@example.com','contrasena330','Estudiante','perfil.jpg',44),(6276,'Matías','Blanco','matias.blanco@example.com','contrasena331','Estudiante','perfil.jpg',45),(6277,'Martina','Alonso','martina.alonso@example.com','contrasena332','Estudiante','perfil.jpg',46),(6278,'Isabel','Cabrera','isabel.cabrera@example.com','contrasena333','Estudiante','perfil.jpg',47),(6279,'Benicio','Herrera','benicio.herrera@example.com','contrasena334','Estudiante','perfil.jpg',48),(6280,'Delfina','Molina','delfina.molina@example.com','contrasena335','Estudiante','perfil.jpg',49),(6281,'Juan Ignacio','Arias','juanignacio.arias@example.com','contrasena336','Estudiante','perfil.jpg',50),(6282,'Renata','Aguilar','renata.aguilar@example.com','contrasena337','Estudiante','perfil.jpg',51),(6283,'Facundo','Peralta','facundo.peralta@example.com','contrasena338','Estudiante','perfil.jpg',52),(6284,'Martina','Fernández','martina.fernandez@example.com','contrasena339','Estudiante','perfil.jpg',53),(6285,'Joaquín','Méndez','joaquin.mendez@example.com','contrasena340','Estudiante','perfil.jpg',54),(6286,'Antonella','Vidal','antonella.vidal@example.com','contrasena341','Estudiante','perfil.jpg',55),(6287,'Thiago','Martínez','thiago.martinez@example.com','contrasena342','Estudiante','perfil.jpg',56),(6288,'Martina','Romero','martina.romero@example.com','contrasena343','Estudiante','perfil.jpg',57),(6289,'Lucas','López','lucas.lopez@example.com','contrasena344','Estudiante','perfil.jpg',58),(6290,'Valentina','Arias','valentina.arias@example.com','contrasena345','Estudiante','perfil.jpg',59),(6291,'Sofía','Herrera','sofia.herrera@example.com','contrasena347','Estudiante','perfil.jpg',1),(6292,'Benjamín','Molina','benjamin.molina@example.com','contrasena348','Estudiante','perfil.jpg',2),(6293,'Isabella','Suárez','isabella.suarez@example.com','contrasena349','Estudiante','perfil.jpg',3),(6294,'Mateo','Vidal','mateo.vidal@example.com','contrasena350','Estudiante','perfil.jpg',4),(6295,'Emilia','Martínez','emilia.martinez@example.com','contrasena351','Estudiante','perfil.jpg',5),(6296,'Valentina','Fernández','valentina.fernandez@example.com','contrasena352','Estudiante','perfil.jpg',6),(6297,'Joaquín','Peralta','joaquin.peralta@example.com','contrasena353','Estudiante','perfil.jpg',7),(6298,'Renata','Romero','renata.romero@example.com','contrasena354','Estudiante','perfil.jpg',8),(6299,'Juan Ignacio','López','juanignacio.lopez@example.com','contrasena355','Estudiante','perfil.jpg',9),(6300,'Martina','Arias','martina.arias@example.com','contrasena356','Estudiante','perfil.jpg',10),(6301,'Luciano','Cabrera','luciano.cabrera@example.com','contrasena357','Estudiante','perfil.jpg',11),(6302,'Lucía','Herrera','lucia.herrera@example.com','contrasena358','Estudiante','perfil.jpg',12),(6303,'Matías','Molina','matias.molina@example.com','contrasena359','Estudiante','perfil.jpg',13),(6304,'Martina','Suárez','martina.suarez@example.com','contrasena360','Estudiante','perfil.jpg',14),(6305,'Isabel','Vidal','isabel.vidal@example.com','contrasena361','Estudiante','perfil.jpg',15),(6306,'Benicio','Martínez','benicio.martinez@example.com','contrasena362','Estudiante','perfil.jpg',16),(6307,'Delfina','Romero','delfina.romero@example.com','contrasena363','Estudiante','perfil.jpg',17),(6308,'Juan Ignacio','López','juanignacio.lopez@example.com','contrasena364','Estudiante','perfil.jpg',18),(6309,'Renata','Arias','renata.arias@example.com','contrasena365','Estudiante','perfil.jpg',19),(6310,'Facundo','Cabrera','facundo.cabrera@example.com','contrasena366','Estudiante','perfil.jpg',20),(6311,'Martina','Herrera','martina.herrera@example.com','contrasena367','Estudiante','perfil.jpg',21),(6312,'Joaquín','Molina','joaquin.molina@example.com','contrasena368','Estudiante','perfil.jpg',22),(6313,'Antonella','Suárez','antonella.suarez@example.com','contrasena369','Estudiante','perfil.jpg',23),(6314,'Thiago','Vidal','thiago.vidal@example.com','contrasena370','Estudiante','perfil.jpg',24),(6315,'Martina','Martínez','martina.martinez@example.com','contrasena371','Estudiante','perfil.jpg',25),(6316,'Lucas','Fernández','lucas.fernandez@example.com','contrasena372','Estudiante','perfil.jpg',26),(6317,'Valentina','Peralta','valentina.peralta@example.com','contrasena373','Estudiante','perfil.jpg',27),(6318,'Santino','Romero','santino.romero@example.com','contrasena374','Estudiante','perfil.jpg',28),(6319,'Sofía','López','sofia.lopez@example.com','contrasena375','Estudiante','perfil.jpg',29),(6320,'Benjamín','Arias','benjamin.arias@example.com','contrasena376','Estudiante','perfil.jpg',30),(6321,'Isabella','Cabrera','isabella.cabrera@example.com','contrasena377','Estudiante','perfil.jpg',31),(6322,'Mateo','Herrera','mateo.herrera@example.com','contrasena378','Estudiante','perfil.jpg',32),(6323,'Emilia','Molina','emilia.molina@example.com','contrasena379','Estudiante','perfil.jpg',33),(6324,'Valentina','Suárez','valentina.suarez@example.com','contrasena380','Estudiante','perfil.jpg',34),(6325,'Joaquín','Vidal','joaquin.vidal@example.com','contrasena381','Estudiante','perfil.jpg',35),(6326,'Renata','Martínez','renata.martinez@example.com','contrasena382','Estudiante','perfil.jpg',36),(6327,'Facundo','Fernández','facundo.fernandez@example.com','contrasena383','Estudiante','perfil.jpg',37),(6328,'Martina','Peralta','martina.peralta@example.com','contrasena384','Estudiante','perfil.jpg',38),(6329,'Luciano','Romero','luciano.romero@example.com','contrasena385','Estudiante','perfil.jpg',39),(6330,'Lucía','López','lucia.lopez@example.com','contrasena386','Estudiante','perfil.jpg',40),(6331,'Matías','Arias','matias.arias@example.com','contrasena387','Estudiante','perfil.jpg',41),(6332,'Martina','Cabrera','martina.cabrera@example.com','contrasena388','Estudiante','perfil.jpg',42),(6333,'Isabel','Herrera','isabel.herrera@example.com','contrasena389','Estudiante','perfil.jpg',43),(6334,'Benicio','Molina','benicio.molina@example.com','contrasena390','Estudiante','perfil.jpg',44),(6335,'Delfina','Suárez','delfina.suarez@example.com','contrasena391','Estudiante','perfil.jpg',45),(6336,'Juan Ignacio','Vidal','juanignacio.vidal@example.com','contrasena392','Estudiante','perfil.jpg',46),(6337,'Renata','Martínez','renata.martinez@example.com','contrasena393','Estudiante','perfil.jpg',47),(6338,'Facundo','Fernández','facundo.fernandez@example.com','contrasena394','Estudiante','perfil.jpg',48),(6339,'Martina','Peralta','martina.peralta@example.com','contrasena395','Estudiante','perfil.jpg',49),(6340,'Luciano','Romero','luciano.romero@example.com','contrasena396','Estudiante','perfil.jpg',50),(6341,'Lucía','López','lucia.lopez@example.com','contrasena397','Estudiante','perfil.jpg',51),(6342,'Matías','Arias','matias.arias@example.com','contrasena398','Estudiante','perfil.jpg',52),(6343,'Martina','Cabrera','martina.cabrera@example.com','contrasena399','Estudiante','perfil.jpg',53),(6344,'Isabel','Herrera','isabel.herrera@example.com','contrasena400','Estudiante','perfil.jpg',54),(6345,'Benicio','Molina','benicio.molina@example.com','contrasena401','Estudiante','perfil.jpg',55),(6346,'Delfina','Suárez','delfina.suarez@example.com','contrasena402','Estudiante','perfil.jpg',56),(6347,'Juan Ignacio','Vidal','juanignacio.vidal@example.com','contrasena403','Estudiante','perfil.jpg',57),(6348,'Renata','Martínez','renata.martinez@example.com','contrasena404','Estudiante','perfil.jpg',58),(6349,'Facundo','Fernández','facundo.fernandez@example.com','contrasena405','Estudiante','perfil.jpg',59),(6350,'Martina','Peralta','martina.peralta@example.com','contrasena406','Estudiante','perfil.jpg',1),(6351,'Luciano','Romero','luciano.romero@example.com','contrasena407','Estudiante','perfil.jpg',1),(6352,'Lucía','López','lucia.lopez@example.com','contrasena408','Estudiante','perfil.jpg',2),(6353,'Matías','Arias','matias.arias@example.com','contrasena409','Estudiante','perfil.jpg',3),(6354,'Martina','Cabrera','martina.cabrera@example.com','contrasena410','Estudiante','perfil.jpg',4),(6355,'Isabel','Herrera','isabel.herrera@example.com','contrasena411','Estudiante','perfil.jpg',5),(6356,'Benicio','Molina','benicio.molina@example.com','contrasena412','Estudiante','perfil.jpg',6),(6357,'Delfina','Suárez','delfina.suarez@example.com','contrasena413','Estudiante','perfil.jpg',7),(6358,'Juan Ignacio','Vidal','juanignacio.vidal@example.com','contrasena414','Estudiante','perfil.jpg',8),(6359,'Renata','Martínez','renata.martinez@example.com','contrasena415','Estudiante','perfil.jpg',9),(6360,'Facundo','Fernández','facundo.fernandez@example.com','contrasena416','Estudiante','perfil.jpg',10),(6361,'Martina','Peralta','martina.peralta@example.com','contrasena417','Estudiante','perfil.jpg',11),(6362,'Luciano','Romero','luciano.romero@example.com','contrasena418','Estudiante','perfil.jpg',12),(6363,'Lucía','López','lucia.lopez@example.com','contrasena419','Estudiante','perfil.jpg',13),(6364,'Matías','Arias','matias.arias@example.com','contrasena420','Estudiante','perfil.jpg',14),(6365,'Martina','Cabrera','martina.cabrera@example.com','contrasena421','Estudiante','perfil.jpg',15),(6366,'Isabel','Herrera','isabel.herrera@example.com','contrasena422','Estudiante','perfil.jpg',16),(6367,'Benicio','Molina','benicio.molina@example.com','contrasena423','Estudiante','perfil.jpg',17),(6368,'Delfina','Suárez','delfina.suarez@example.com','contrasena424','Estudiante','perfil.jpg',18),(6369,'Juan Ignacio','Vidal','juanignacio.vidal@example.com','contrasena425','Estudiante','perfil.jpg',19),(6370,'Renata','Martínez','renata.martinez@example.com','contrasena426','Estudiante','perfil.jpg',20),(6371,'Facundo','Fernández','facundo.fernandez@example.com','contrasena427','Estudiante','perfil.jpg',21),(6372,'Martina','Peralta','martina.peralta@example.com','contrasena428','Estudiante','perfil.jpg',22),(6373,'Luciano','Romero','luciano.romero@example.com','contrasena429','Estudiante','perfil.jpg',23),(6374,'Lucía','López','lucia.lopez@example.com','contrasena430','Estudiante','perfil.jpg',24),(6375,'Matías','Arias','matias.arias@example.com','contrasena431','Estudiante','perfil.jpg',25),(6376,'Martina','Cabrera','martina.cabrera@example.com','contrasena432','Estudiante','perfil.jpg',26),(6377,'Isabel','Herrera','isabel.herrera@example.com','contrasena433','Estudiante','perfil.jpg',27),(6378,'Benicio','Molina','benicio.molina@example.com','contrasena434','Estudiante','perfil.jpg',28),(6379,'Delfina','Suárez','delfina.suarez@example.com','contrasena435','Estudiante','perfil.jpg',29),(6380,'Juan Ignacio','Vidal','juanignacio.vidal@example.com','contrasena436','Estudiante','perfil.jpg',30),(6381,'Renata','Martínez','renata.martinez@example.com','contrasena437','Estudiante','perfil.jpg',31),(6382,'Facundo','Fernández','facundo.fernandez@example.com','contrasena438','Estudiante','perfil.jpg',32),(6383,'Martina','Peralta','martina.peralta@example.com','contrasena439','Estudiante','perfil.jpg',33),(6384,'Luciano','Romero','luciano.romero@example.com','contrasena440','Estudiante','perfil.jpg',34),(6385,'Lucía','López','lucia.lopez@example.com','contrasena441','Estudiante','perfil.jpg',35),(6386,'Matías','Arias','matias.arias@example.com','contrasena442','Estudiante','perfil.jpg',36),(6387,'Martina','Cabrera','martina.cabrera@example.com','contrasena443','Estudiante','perfil.jpg',37),(6388,'Isabel','Herrera','isabel.herrera@example.com','contrasena444','Estudiante','perfil.jpg',38),(6389,'Benicio','Molina','benicio.molina@example.com','contrasena445','Estudiante','perfil.jpg',39),(6390,'Delfina','Suárez','delfina.suarez@example.com','contrasena446','Estudiante','perfil.jpg',40),(6391,'Juan Ignacio','Vidal','juanignacio.vidal@example.com','contrasena447','Estudiante','perfil.jpg',41),(6392,'Renata','Martínez','renata.martinez@example.com','contrasena448','Estudiante','perfil.jpg',42),(6393,'Facundo','Fernández','facundo.fernandez@example.com','contrasena449','Estudiante','perfil.jpg',43),(6394,'Martina','Peralta','martina.peralta@example.com','contrasena450','Estudiante','perfil.jpg',44),(6395,'Luciano','Romero','luciano.romero@example.com','contrasena451','Estudiante','perfil.jpg',45),(6396,'Lucía','López','lucia.lopez@example.com','contrasena452','Estudiante','perfil.jpg',46),(6397,'Matías','Arias','matias.arias@example.com','contrasena453','Estudiante','perfil.jpg',47),(6398,'Martina','Cabrera','martina.cabrera@example.com','contrasena454','Estudiante','perfil.jpg',48),(6399,'Isabel','Herrera','isabel.herrera@example.com','contrasena455','Estudiante','perfil.jpg',49),(6400,'Benicio','Molina','benicio.molina@example.com','contrasena456','Estudiante','perfil.jpg',50),(6401,'Delfina','Suárez','delfina.suarez@example.com','contrasena457','Estudiante','perfil.jpg',51),(6402,'Juan Ignacio','Vidal','juanignacio.vidal@example.com','contrasena458','Estudiante','perfil.jpg',52),(6403,'Renata','Martínez','renata.martinez@example.com','contrasena459','Estudiante','perfil.jpg',53),(6404,'Facundo','Fernández','facundo.fernandez@example.com','contrasena460','Estudiante','perfil.jpg',54),(6405,'Martina','Peralta','martina.peralta@example.com','contrasena461','Estudiante','perfil.jpg',55),(6406,'Luciano','Romero','luciano.romero@example.com','contrasena462','Estudiante','perfil.jpg',56),(6407,'Lucía','López','lucia.lopez@example.com','contrasena463','Estudiante','perfil.jpg',57),(6408,'Matías','Arias','matias.arias@example.com','contrasena464','Estudiante','perfil.jpg',58),(6409,'Martina','Cabrera','martina.cabrera@example.com','contrasena465','Estudiante','perfil.jpg',59),(6410,'Luciana','Gómez','luciana.gomez@example.com','contrasena467','Estudiante','perfil.jpg',1),(6411,'Emiliano','Torres','emiliano.torres@example.com','contrasena468','Estudiante','perfil.jpg',2),(6412,'Valentina','Flores','valentina.flores@example.com','contrasena469','Estudiante','perfil.jpg',3),(6413,'Maximiliano','Ruiz','maximiliano.ruiz@example.com','contrasena470','Estudiante','perfil.jpg',4),(6414,'Valentino','Castillo','valentino.castillo@example.com','contrasena471','Estudiante','perfil.jpg',5),(6415,'Emma','Vázquez','emma.vazquez@example.com','contrasena472','Estudiante','perfil.jpg',6),(6416,'Santino','Gutiérrez','santino.gutierrez@example.com','contrasena473','Estudiante','perfil.jpg',7),(6417,'Mía','Sánchez','mia.sanchez@example.com','contrasena474','Estudiante','perfil.jpg',8),(6418,'Amelia','Mendoza','amelia.mendoza@example.com','contrasena475','Estudiante','perfil.jpg',9),(6419,'Bautista','García','bautista.garcia@example.com','contrasena476','Estudiante','perfil.jpg',10),(6420,'Sofía','Martínez','sofia.martinez@example.com','contrasena477','Estudiante','perfil.jpg',11),(6421,'Bautista','González','bautista.gonzalez@example.com','contrasena478','Estudiante','perfil.jpg',12),(6422,'Amelia','Hernández','amelia.hernandez@example.com','contrasena479','Estudiante','perfil.jpg',13),(6423,'Santino','López','santino.lopez@example.com','contrasena480','Estudiante','perfil.jpg',14),(6424,'Mía','Díaz','mia.diaz@example.com','contrasena481','Estudiante','perfil.jpg',15),(6425,'Emma','Pérez','emma.perez@example.com','contrasena482','Estudiante','perfil.jpg',16),(6426,'Valentino','Rodríguez','valentino.rodriguez@example.com','contrasena483','Estudiante','perfil.jpg',17),(6427,'Valentina','Sánchez','valentina.sanchez@example.com','contrasena484','Estudiante','perfil.jpg',18),(6428,'Emiliano','Martínez','emiliano.martinez@example.com','contrasena485','Estudiante','perfil.jpg',19),(6429,'Luciana','Gómez','luciana.gomez@example.com','contrasena486','Estudiante','perfil.jpg',20),(6430,'Valentina','Flores','valentina.flores@example.com','contrasena487','Estudiante','perfil.jpg',21),(6431,'Maximiliano','Ruiz','maximiliano.ruiz@example.com','contrasena488','Estudiante','perfil.jpg',22),(6432,'Valentino','Castillo','valentino.castillo@example.com','contrasena489','Estudiante','perfil.jpg',23),(6433,'Emma','Vázquez','emma.vazquez@example.com','contrasena490','Estudiante','perfil.jpg',24),(6434,'Santino','Gutiérrez','santino.gutierrez@example.com','contrasena491','Estudiante','perfil.jpg',25),(6435,'Mía','Sánchez','mia.sanchez@example.com','contrasena492','Estudiante','perfil.jpg',26),(6436,'Amelia','Mendoza','amelia.mendoza@example.com','contrasena493','Estudiante','perfil.jpg',27),(6437,'Bautista','García','bautista.garcia@example.com','contrasena494','Estudiante','perfil.jpg',28),(6438,'Sofía','Martínez','sofia.martinez@example.com','contrasena495','Estudiante','perfil.jpg',29),(6439,'Bautista','González','bautista.gonzalez@example.com','contrasena496','Estudiante','perfil.jpg',30),(6440,'Amelia','Hernández','amelia.hernandez@example.com','contrasena497','Estudiante','perfil.jpg',31),(6441,'Santino','López','santino.lopez@example.com','contrasena498','Estudiante','perfil.jpg',32),(6442,'Mía','Díaz','mia.diaz@example.com','contrasena499','Estudiante','perfil.jpg',33),(6443,'Emma','Pérez','emma.perez@example.com','contrasena500','Estudiante','perfil.jpg',34),(6444,'Valentino','Rodríguez','valentino.rodriguez@example.com','contrasena501','Estudiante','perfil.jpg',35),(6445,'Valentina','Sánchez','valentina.sanchez@example.com','contrasena502','Estudiante','perfil.jpg',36),(6446,'Emiliano','Martínez','emiliano.martinez@example.com','contrasena503','Estudiante','perfil.jpg',37),(6447,'Luciana','Gómez','luciana.gomez@example.com','contrasena504','Estudiante','perfil.jpg',38),(6448,'Emiliano','Torres','emiliano.torres@example.com','contrasena505','Estudiante','perfil.jpg',39),(6449,'Valentina','Flores','valentina.flores@example.com','contrasena506','Estudiante','perfil.jpg',40),(6450,'Maximiliano','Ruiz','maximiliano.ruiz@example.com','contrasena507','Estudiante','perfil.jpg',41),(6451,'Valentino','Castillo','valentino.castillo@example.com','contrasena508','Estudiante','perfil.jpg',42),(6452,'Emma','Vázquez','emma.vazquez@example.com','contrasena509','Estudiante','perfil.jpg',43),(6453,'Santino','Gutiérrez','santino.gutierrez@example.com','contrasena510','Estudiante','perfil.jpg',44),(6454,'Mía','Sánchez','mia.sanchez@example.com','contrasena511','Estudiante','perfil.jpg',45),(6455,'Amelia','Mendoza','amelia.mendoza@example.com','contrasena512','Estudiante','perfil.jpg',46),(6456,'Bautista','García','bautista.garcia@example.com','contrasena513','Estudiante','perfil.jpg',47),(6457,'Sofía','Martínez','sofia.martinez@example.com','contrasena514','Estudiante','perfil.jpg',48),(6458,'Bautista','González','bautista.gonzalez@example.com','contrasena515','Estudiante','perfil.jpg',49),(6459,'Amelia','Hernández','amelia.hernandez@example.com','contrasena516','Estudiante','perfil.jpg',50),(6460,'Santino','López','santino.lopez@example.com','contrasena517','Estudiante','perfil.jpg',51),(6461,'Mía','Díaz','mia.diaz@example.com','contrasena518','Estudiante','perfil.jpg',52),(6462,'Emma','Pérez','emma.perez@example.com','contrasena519','Estudiante','perfil.jpg',53),(6463,'Valentino','Rodríguez','valentino.rodriguez@example.com','contrasena520','Estudiante','perfil.jpg',54),(6464,'Valentina','Sánchez','valentina.sanchez@example.com','contrasena521','Estudiante','perfil.jpg',55),(6465,'Emiliano','Martínez','emiliano.martinez@example.com','contrasena522','Estudiante','perfil.jpg',56),(6466,'Luciana','Gómez','luciana.gomez@example.com','contrasena523','Estudiante','perfil.jpg',57),(6467,'Emiliano','Torres','emiliano.torres@example.com','contrasena524','Estudiante','perfil.jpg',58),(6468,'Valentina','Flores','valentina.flores@example.com','contrasena525','Estudiante','perfil.jpg',59),(6469,'Maximiliano','Ruiz','maximiliano.ruiz@example.com','contrasena526','Estudiante','perfil.jpg',11),(6470,'Valentino','Castillo','valentino.castillo@example.com','contrasena527','Estudiante','perfil.jpg',15),(6471,'Emma','Vázquez','emma.vazquez@example.com','contrasena528','Estudiante','perfil.jpg',24),(6472,'Santino','Gutiérrez','santino.gutierrez@example.com','contrasena529','Estudiante','perfil.jpg',44),(6473,'Mía','Sánchez','mia.sanchez@example.com','contrasena530','Estudiante','perfil.jpg',54),(6474,'Amelia','Mendoza','amelia.mendoza@example.com','contrasena531','Estudiante','perfil.jpg',25),(6475,'Bautista','García','bautista.garcia@example.com','contrasena532','Estudiante','perfil.jpg',46),(6476,'Sofía','Martínez','sofia.martinez@example.com','contrasena533','Estudiante','perfil.jpg',17),(6477,'Bautista','González','bautista.gonzalez@example.com','contrasena534','Estudiante','perfil.jpg',8),(6478,'Amelia','Hernández','amelia.hernandez@example.com','contrasena535','Estudiante','perfil.jpg',4),(6479,'Santino','López','santino.lopez@example.com','contrasena536','Estudiante','perfil.jpg',7),(6480,'Valentino','Rodríguez','valentino.rodriguez@example.com','contrasena539','Estudiante','perfil.jpg',3),(6481,'Valentina','Sánchez','valentina.sanchez@example.com','contrasena540','Estudiante','perfil.jpg',4),(6482,'Luciana','Gómez','luciana.gomez@example.com','contrasena542','Estudiante','perfil.jpg',36),(6483,'Emiliano','Torres','emiliano.torres@example.com','contrasena543','Estudiante','perfil.jpg',27),(6484,'Valentina','Flores','valentina.flores@example.com','contrasena544','Estudiante','perfil.jpg',38),(6485,'Maximiliano','Ruiz','maximiliano.ruiz@example.com','contrasena545','Estudiante','perfil.jpg',49),(6486,'Valentino','Castillo','valentino.castillo@example.com','contrasena546','Estudiante','perfil.jpg',50),(6487,'Emma','Vázquez','emma.vazquez@example.com','contrasena547','Estudiante','perfil.jpg',51),(6488,'Santino','Gutiérrez','santino.gutierrez@example.com','contrasena548','Estudiante','perfil.jpg',52),(6489,'Mía','Sánchez','mia.sanchez@example.com','contrasena549','Estudiante','perfil.jpg',53),(6490,'Amelia','Mendoza','amelia.mendoza@example.com','contrasena550','Estudiante','perfil.jpg',54),(6491,'Bautista','García','bautista.garcia@example.com','contrasena551','Estudiante','perfil.jpg',55),(6492,'Sofía','Martínez','sofia.martinez@example.com','contrasena552','Estudiante','perfil.jpg',36),(6493,'Bautista','González','bautista.gonzalez@example.com','contrasena553','Estudiante','perfil.jpg',47),(6494,'Amelia','Hernández','amelia.hernandez@example.com','contrasena554','Estudiante','perfil.jpg',18),(6495,'Santino','López','santino.lopez@example.com','contrasena555','Estudiante','perfil.jpg',9),(6496,'Mía','Díaz','mia.diaz@example.com','contrasena556','Estudiante','perfil.jpg',9),(6497,'Emma','Pérez','emma.perez@example.com','contrasena557','Estudiante','perfil.jpg',1),(6498,'Santino','Gutiérrez','santino.gutierrez@example.com','contrasena567','Estudiante','perfil.jpg',1),(6499,'Mía','Sánchez','mia.sanchez@example.com','contrasena568','Estudiante','perfil.jpg',2),(6500,'Amelia','Mendoza','amelia.mendoza@example.com','contrasena569','Estudiante','perfil.jpg',3),(6501,'Bautista','García','bautista.garcia@example.com','contrasena570','Estudiante','perfil.jpg',4),(6502,'Sofía','Martínez','sofia.martinez@example.com','contrasena571','Estudiante','perfil.jpg',5),(6503,'Bautista','González','bautista.gonzalez@example.com','contrasena572','Estudiante','perfil.jpg',6),(6504,'Amelia','Hernández','amelia.hernandez@example.com','contrasena573','Estudiante','perfil.jpg',7),(6505,'Santino','López','santino.lopez@example.com','contrasena574','Estudiante','perfil.jpg',8),(6506,'Mía','Díaz','mia.diaz@example.com','contrasena575','Estudiante','perfil.jpg',9),(6507,'Emma','Pérez','emma.perez@example.com','contrasena576','Estudiante','perfil.jpg',10),(6508,'Valentino','Rodríguez','valentino.rodriguez@example.com','contrasena577','Estudiante','perfil.jpg',11),(6509,'Valentina','Sánchez','valentina.sanchez@example.com','contrasena578','Estudiante','perfil.jpg',12),(6510,'Emiliano','Martínez','emiliano.martinez@example.com','contrasena579','Estudiante','perfil.jpg',13),(6511,'Luciana','Gómez','luciana.gomez@example.com','contrasena580','Estudiante','perfil.jpg',14),(6512,'Emiliano','Torres','emiliano.torres@example.com','contrasena581','Estudiante','perfil.jpg',15),(6513,'Valentina','Flores','valentina.flores@example.com','contrasena582','Estudiante','perfil.jpg',16),(6514,'Maximiliano','Ruiz','maximiliano.ruiz@example.com','contrasena583','Estudiante','perfil.jpg',17),(6515,'Valentino','Castillo','valentino.castillo@example.com','contrasena584','Estudiante','perfil.jpg',18),(6516,'Emma','Vázquez','emma.vazquez@example.com','contrasena585','Estudiante','perfil.jpg',19),(6517,'Santino','Gutiérrez','santino.gutierrez@example.com','contrasena586','Estudiante','perfil.jpg',20),(6518,'Mía','Sánchez','mia.sanchez@example.com','contrasena587','Estudiante','perfil.jpg',21),(6519,'Amelia','Mendoza','amelia.mendoza@example.com','contrasena588','Estudiante','perfil.jpg',22),(6520,'Bautista','García','bautista.garcia@example.com','contrasena589','Estudiante','perfil.jpg',23),(6521,'Sofía','Martínez','sofia.martinez@example.com','contrasena590','Estudiante','perfil.jpg',24),(6522,'Bautista','González','bautista.gonzalez@example.com','contrasena591','Estudiante','perfil.jpg',25),(6523,'Amelia','Hernández','amelia.hernandez@example.com','contrasena592','Estudiante','perfil.jpg',26),(6524,'Santino','López','santino.lopez@example.com','contrasena593','Estudiante','perfil.jpg',27),(6525,'Mía','Díaz','mia.diaz@example.com','contrasena594','Estudiante','perfil.jpg',28),(6526,'Emma','Pérez','emma.perez@example.com','contrasena595','Estudiante','perfil.jpg',29),(6527,'Valentino','Rodríguez','valentino.rodriguez@example.com','contrasena596','Estudiante','perfil.jpg',30),(6528,'Valentina','Sánchez','valentina.sanchez@example.com','contrasena597','Estudiante','perfil.jpg',31),(6529,'Emiliano','Martínez','emiliano.martinez@example.com','contrasena598','Estudiante','perfil.jpg',32),(6530,'Luciana','Gómez','luciana.gomez@example.com','contrasena599','Estudiante','perfil.jpg',33),(6531,'Emiliano','Torres','emiliano.torres@example.com','contrasena600','Estudiante','perfil.jpg',34),(6532,'Valentina','Flores','valentina.flores@example.com','contrasena601','Estudiante','perfil.jpg',35),(6533,'Maximiliano','Ruiz','maximiliano.ruiz@example.com','contrasena602','Estudiante','perfil.jpg',36),(6534,'Valentino','Castillo','valentino.castillo@example.com','contrasena603','Estudiante','perfil.jpg',37),(6535,'Emma','Vázquez','emma.vazquez@example.com','contrasena604','Estudiante','perfil.jpg',38),(6536,'Santino','Gutiérrez','santino.gutierrez@example.com','contrasena605','Estudiante','perfil.jpg',39),(6537,'Amelia','Mendoza','amelia.mendoza@example.com','contrasena607','Estudiante','perfil.jpg',41),(6538,'Bautista','García','bautista.garcía@example.com','contrasena608','Estudiante','perfil.jpg',42),(6539,'Sofía','Martínez','sofia.martinez@example.com','contrasena609','Estudiante','perfil.jpg',43),(6540,'Bautista','González','bautista.gonzalez@example.com','contrasena610','Estudiante','perfil.jpg',44),(6541,'Amelia','Hernández','amelia.hernandez@example.com','contrasena611','Estudiante','perfil.jpg',45),(6542,'Santino','López','santino.lopez@example.com','contrasena612','Estudiante','perfil.jpg',46),(6543,'Mía','Díaz','mia.diaz@example.com','contrasena613','Estudiante','perfil.jpg',47),(6544,'Emma','Pérez','emma.perez@example.com','contrasena614','Estudiante','perfil.jpg',48),(6545,'Valentino','Rodríguez','valentino.rodriguez@example.com','contrasena615','Estudiante','perfil.jpg',49),(6546,'Valentina','Sánchez','valentina.sanchez@example.com','contrasena616','Estudiante','perfil.jpg',50),(6547,'Emiliano','Martínez','emiliano.martinez@example.com','contrasena617','Estudiante','perfil.jpg',51),(6548,'Luciana','Gómez','luciana.gomez@example.com','contrasena618','Estudiante','perfil.jpg',52),(6549,'Emiliano','Torres','emiliano.torres@example.com','contrasena619','Estudiante','perfil.jpg',53),(6550,'Valentina','Flores','valentina.flores@example.com','contrasena620','Estudiante','perfil.jpg',54),(6551,'Maximiliano','Ruiz','maximiliano.ruiz@example.com','contrasena621','Estudiante','perfil.jpg',55),(6552,'Valentino','Castillo','valentino.castillo@example.com','contrasena622','Estudiante','perfil.jpg',56),(6553,'Emma','Vázquez','emma.vazquez@example.com','contrasena623','Estudiante','perfil.jpg',57),(6554,'Santino','Gutiérrez','santino.gutierrez@example.com','contrasena624','Estudiante','perfil.jpg',58),(6555,'Mía','Sánchez','mia.sanchez@example.com','contrasena625','Estudiante','perfil.jpg',59),(6556,'Bautista','González','bautista.gonzalez@example.com','contrasena667','Estudiante','perfil.jpg',1),(6557,'Amelia','Hernández','amelia.hernandez@example.com','contrasena668','Estudiante','perfil.jpg',2),(6558,'Santino','López','santino.lopez@example.com','contrasena669','Estudiante','perfil.jpg',3),(6559,'Mía','Díaz','mia.diaz@example.com','contrasena670','Estudiante','perfil.jpg',4),(6560,'Emma','Pérez','emma.perez@example.com','contrasena671','Estudiante','perfil.jpg',5),(6561,'Valentino','Rodríguez','valentino.rodriguez@example.com','contrasena672','Estudiante','perfil.jpg',6),(6562,'Valentina','Sánchez','valentina.sanchez@example.com','contrasena673','Estudiante','perfil.jpg',7),(6563,'Emiliano','Martínez','emiliano.martinez@example.com','contrasena674','Estudiante','perfil.jpg',8),(6564,'Luciana','Gómez','luciana.gomez@example.com','contrasena675','Estudiante','perfil.jpg',9),(6565,'Emiliano','Torres','emiliano.torres@example.com','contrasena676','Estudiante','perfil.jpg',10),(6566,'Valentina','Flores','valentina.flores@example.com','contrasena677','Estudiante','perfil.jpg',11),(6567,'Maximiliano','Ruiz','maximiliano.ruiz@example.com','contrasena678','Estudiante','perfil.jpg',12),(6568,'Valentino','Castillo','valentino.castillo@example.com','contrasena679','Estudiante','perfil.jpg',13),(6569,'Emma','Vázquez','emma.vazquez@example.com','contrasena680','Estudiante','perfil.jpg',14),(6570,'Santino','Gutiérrez','santino.gutierrez@example.com','contrasena681','Estudiante','perfil.jpg',15),(6571,'Mía','Sánchez','mia.sanchez@example.com','contrasena682','Estudiante','perfil.jpg',16),(6572,'Amelia','Mendoza','amelia.mendoza@example.com','contrasena683','Estudiante','perfil.jpg',17),(6573,'Bautista','García','bautista.garcia@example.com','contrasena684','Estudiante','perfil.jpg',18),(6574,'Sofía','Martínez','sofia.martinez@example.com','contrasena685','Estudiante','perfil.jpg',19),(6575,'Bautista','González','bautista.gonzalez@example.com','contrasena686','Estudiante','perfil.jpg',20),(6576,'Amelia','Hernández','amelia.hernandez@example.com','contrasena687','Estudiante','perfil.jpg',21),(6577,'Santino','López','santino.lopez@example.com','contrasena688','Estudiante','perfil.jpg',22),(6578,'Mía','Díaz','mia.diaz@example.com','contrasena689','Estudiante','perfil.jpg',23),(6579,'Emma','Pérez','emma.perez@example.com','contrasena690','Estudiante','perfil.jpg',24),(6580,'Valentino','Rodríguez','valentino.rodriguez@example.com','contrasena691','Estudiante','perfil.jpg',25),(6581,'Valentina','Sánchez','valentina.sanchez@example.com','contrasena692','Estudiante','perfil.jpg',26),(6582,'Emiliano','Martínez','emiliano.martinez@example.com','contrasena693','Estudiante','perfil.jpg',27),(6583,'Luciana','Gómez','luciana.gomez@example.com','contrasena694','Estudiante','perfil.jpg',28),(6584,'Emiliano','Torres','emiliano.torres@example.com','contrasena695','Estudiante','perfil.jpg',29),(6585,'Valentina','Flores','valentina.flores@example.com','contrasena696','Estudiante','perfil.jpg',30),(6586,'Maximiliano','Ruiz','maximiliano.ruiz@example.com','contrasena697','Estudiante','perfil.jpg',31),(6587,'Valentino','Castillo','valentino.castillo@example.com','contrasena698','Estudiante','perfil.jpg',32),(6588,'Emma','Vázquez','emma.vazquez@example.com','contrasena699','Estudiante','perfil.jpg',33),(6589,'Santino','Gutiérrez','santino.gutierrez@example.com','contrasena700','Estudiante','perfil.jpg',34),(6590,'Mía','Sánchez','mia.sanchez@example.com','contrasena701','Estudiante','perfil.jpg',35),(6591,'Amelia','Mendoza','amelia.mendoza@example.com','contrasena702','Estudiante','perfil.jpg',36),(6592,'Bautista','García','bautista.garcia@example.com','contrasena703','Estudiante','perfil.jpg',37),(6593,'Sofía','Martínez','sofia.martinez@example.com','contrasena704','Estudiante','perfil.jpg',38),(6594,'Amelia','Hernández','amelia.hernandez@example.com','contrasena706','Estudiante','perfil.jpg',40),(6595,'Santino','López','santino.lopez@example.com','contrasena707','Estudiante','perfil.jpg',41),(6596,'Emma','Pérez','emma.perez@example.com','contrasena709','Estudiante','perfil.jpg',43),(6597,'Valentino','Rodríguez','valentino.rodriguez@example.com','contrasena710','Estudiante','perfil.jpg',44),(6598,'Valentina','Sánchez','valentina.sanchez@example.com','contrasena711','Estudiante','perfil.jpg',45),(6599,'Emiliano','Martínez','emiliano.martinez@example.com','contrasena712','Estudiante','perfil.jpg',46),(6600,'Luciana','Gómez','luciana.gomez@example.com','contrasena713','Estudiante','perfil.jpg',47),(6601,'Emiliano','Torres','emiliano.torres@example.com','contrasena714','Estudiante','perfil.jpg',48),(6602,'Valentina','Flores','valentina.flores@example.com','contrasena715','Estudiante','perfil.jpg',49),(6603,'Maximiliano','Ruiz','maximiliano.ruiz@example.com','contrasena716','Estudiante','perfil.jpg',50),(6604,'Valentino','Castillo','valentino.castillo@example.com','contrasena717','Estudiante','perfil.jpg',51),(6605,'Emma','Vázquez','emma.vazquez@example.com','contrasena718','Estudiante','perfil.jpg',52),(6606,'Santino','Gutiérrez','santino.gutierrez@example.com','contrasena719','Estudiante','perfil.jpg',53),(6607,'Mía','Sánchez','mia.sanchez@example.com','contrasena720','Estudiante','perfil.jpg',54),(6608,'Amelia','Mendoza','amelia.mendoza@example.com','contrasena721','Estudiante','perfil.jpg',55),(6609,'Bautista','García','bautista.garcia@example.com','contrasena722','Estudiante','perfil.jpg',56),(6610,'Sofía','Martínez','sofia.martinez@example.com','contrasena723','Estudiante','perfil.jpg',57),(6611,'Bautista','González','bautista.gonzalez@example.com','contrasena724','Estudiante','perfil.jpg',58),(6612,'Amelia','Hernández','amelia.hernandez@example.com','contrasena725','Estudiante','perfil.jpg',59),(6613,'Emma','López','emma.lopez@example.com','contrasena726','Estudiante','perfil.jpg',1),(6614,'Bautista','Martínez','bautista.martinez@example.com','contrasena727','Estudiante','perfil.jpg',2),(6615,'Mía','Gómez','mia.gomez@example.com','contrasena728','Estudiante','perfil.jpg',3),(6616,'Lucas','Torres','lucas.torres@example.com','contrasena729','Estudiante','perfil.jpg',4),(6617,'Mía','Hernández','mia.hernandez@example.com','contrasena730','Estudiante','perfil.jpg',5),(6618,'Santino','Díaz','santino.diaz@example.com','contrasena731','Estudiante','perfil.jpg',6),(6619,'Amelia','López','amelia.lopez@example.com','contrasena732','Estudiante','perfil.jpg',7),(6620,'Maximiliano','García','maximiliano.garcia@example.com','contrasena733','Estudiante','perfil.jpg',8),(6621,'Valentina','Hernández','valentina.hernandez@example.com','contrasena734','Estudiante','perfil.jpg',9),(6622,'Emiliano','Martínez','emiliano.martinez@example.com','contrasena735','Estudiante','perfil.jpg',10),(6623,'Mía','Rodríguez','mia.rodriguez@example.com','contrasena736','Estudiante','perfil.jpg',11),(6624,'Emiliano','González','emiliano.gonzalez@example.com','contrasena737','Estudiante','perfil.jpg',12),(6625,'Valentino','Hernández','valentino.hernandez@example.com','contrasena738','Estudiante','perfil.jpg',13),(6626,'Mía','Pérez','mia.perez@example.com','contrasena739','Estudiante','perfil.jpg',14),(6627,'Santino','García','santino.garcia@example.com','contrasena740','Estudiante','perfil.jpg',15),(6628,'Emma','Sánchez','emma.sanchez@example.com','contrasena741','Estudiante','perfil.jpg',16),(6629,'Lucas','Gómez','lucas.gomez@example.com','contrasena742','Estudiante','perfil.jpg',17),(6630,'Valentino','Martínez','valentino.martinez@example.com','contrasena743','Estudiante','perfil.jpg',18),(6631,'Santino','Torres','santino.torres@example.com','contrasena744','Estudiante','perfil.jpg',19),(6632,'Emiliano','Sánchez','emiliano.sanchez@example.com','contrasena745','Estudiante','perfil.jpg',20),(6633,'Sofía','Hernández','sofia.hernandez@example.com','contrasena746','Estudiante','perfil.jpg',21),(6634,'Maximiliano','Gómez','maximiliano.gomez@example.com','contrasena747','Estudiante','perfil.jpg',22),(6635,'Valentina','Martínez','valentina.martinez@example.com','contrasena748','Estudiante','perfil.jpg',23),(6636,'Emiliano','Martínez','emiliano.martinez@example.com','contrasena749','Estudiante','perfil.jpg',24),(6637,'Luciana','Torres','luciana.torres@example.com','contrasena750','Estudiante','perfil.jpg',25),(6638,'Valentina','Díaz','valentina.diaz@example.com','contrasena751','Estudiante','perfil.jpg',26),(6639,'Valentino','Gómez','valentino.gomez@example.com','contrasena752','Estudiante','perfil.jpg',27),(6640,'Emma','Gómez','emma.gomez@example.com','contrasena753','Estudiante','perfil.jpg',28),(6641,'Mía','Torres','mia.torres@example.com','contrasena754','Estudiante','perfil.jpg',29),(6642,'Maximiliano','Martínez','maximiliano.martinez@example.com','contrasena755','Estudiante','perfil.jpg',30),(6643,'Emiliano','González','emiliano.gonzalez@example.com','contrasena756','Estudiante','perfil.jpg',31),(6644,'Santino','Martínez','santino.martinez@example.com','contrasena757','Estudiante','perfil.jpg',32),(6645,'Mía','Torres','mia.torres@example.com','contrasena758','Estudiante','perfil.jpg',33),(6646,'Maximiliano','Gómez','maximiliano.gomez@example.com','contrasena759','Estudiante','perfil.jpg',34),(6647,'Valentina','Martínez','valentina.martinez@example.com','contrasena760','Estudiante','perfil.jpg',35),(6648,'Emma','Hernández','emma.hernandez@example.com','contrasena761','Estudiante','perfil.jpg',36),(6649,'Bautista','Sánchez','bautista.sanchez@example.com','contrasena762','Estudiante','perfil.jpg',37),(6650,'Lucas','Martínez','lucas.martinez@example.com','contrasena763','Estudiante','perfil.jpg',38),(6651,'Valentino','Gómez','valentino.gomez@example.com','contrasena764','Estudiante','perfil.jpg',39),(6652,'Valentina','Martínez','valentina.martinez@example.com','contrasena765','Estudiante','perfil.jpg',40),(6653,'Maximiliano','Hernández','maximiliano.hernandez@example.com','contrasena766','Estudiante','perfil.jpg',41);
/*!40000 ALTER TABLE `usuario` ENABLE KEYS */;
UNLOCK TABLES;
/*!40103 SET TIME_ZONE=@OLD_TIME_ZONE */;

/*!40101 SET SQL_MODE=@OLD_SQL_MODE */;
/*!40014 SET FOREIGN_KEY_CHECKS=@OLD_FOREIGN_KEY_CHECKS */;
/*!40014 SET UNIQUE_CHECKS=@OLD_UNIQUE_CHECKS */;
/*!40101 SET CHARACTER_SET_CLIENT=@OLD_CHARACTER_SET_CLIENT */;
/*!40101 SET CHARACTER_SET_RESULTS=@OLD_CHARACTER_SET_RESULTS */;
/*!40101 SET COLLATION_CONNECTION=@OLD_COLLATION_CONNECTION */;
/*!40111 SET SQL_NOTES=@OLD_SQL_NOTES */;

-- Dump completed on 2024-05-20 21:23:38
